ItemID,Ph,NB
1,2.1357,4
2,2.2203,0
3,2.1357,4
4,2.8507,8
5,1.7383,7
6,2.3702,12
7,1.6833,6
8,1.6827,7
9,2.8507,8
10,4.0762,0
11,2.1396,17
12,1.5089,2
13,4.1358,1
14,1.6827,7
15,1.3055,13
16,1.3483,1
17,2.0185,12
18,2.7595,1
19,2.6331,7
20,2.4446,2
21,2.7038,11
22,1.7088,2
23,2.1685,0
24,2.9172,5
25,1.8416,1
26,2.2441,9
27,1.8696,19
28,2.858,8
29,2.8857,16
30,2.4068,10
31,0.9456,25
32,3.8092,16
33,2.3226,2
34,1.8922,1
35,3.2847,9
36,3.2847,9
37,1.7959,20
38,2.6329,13
39,2.6817,2
40,1.6827,7
41,2.6817,1
42,2.0415,12
43,2.574,2
44,2.339,14
45,1.7383,7
46,1.9437,2
47,1.7638,0
48,2.1357,4
49,1.9391,12
50,2.6116,14
51,2.9172,5
52,2.0721,4
53,2.6817,1
54,1.7383,7
55,1.8462,2
56,1.6164,2
57,1.3483,1
58,2.7481,13
59,2.2203,0
60,1.5089,2
61,1.8462,1
62,2.6479,2
63,2.3663,1
64,2.5975,10
65,2.8267,15
66,4.6218,1
67,2.8235,0
68,1.7638,0
69,2.6817,1
70,1.6827,7
71,2.6817,1
72,1.5283,23
73,2.2203,1
74,2.2182,28
75,2.88,19
76,3.0022,14
77,1.7444,12
78,2.9912,18
79,2.2613,20
80,1.9391,12
81,1.8922,1
82,2.8267,15
83,2.1357,3
84,3.1128,22
85,1.6833,6
86,2.7903,28
87,1.6827,7
88,2.2203,0
89,2.5095,8
90,2.4496,19
91,2.3226,3
92,3.3921,20
93,2.3132,16
94,1.5089,2
95,1.9946,1
96,2.1357,4
97,2.3226,4
98,1.9391,12
99,2.6506,3
100,2.6116,14
101,2.3226,3
102,1.7577,0
103,2.2897,24
104,2.243,24
105,2.3226,3
106,2.9172,5
107,1.8318,22
108,3.0155,20
109,2.5583,2
110,2.3226,3
111,2.39,13
112,1.712,1
113,1.8922,1
114,2.0185,12
115,1.7638,1
116,1.8922,1
117,1.5089,2
118,2.7792,8
119,1.8462,0
120,2.6506,4
121,2.8857,16
122,2.2863,13
123,2.499,11
124,2.7451,17
125,4.6218,1
126,2.6299,1
127,2.8667,23
128,2.5292,6
129,0.8466,8
130,2.9172,5
131,1.9391,12
132,1.3483,1
133,1.7577,0
134,2.8684,13
135,3.5441,3
136,1.7444,11
137,3.3878,10
138,2.3226,3
139,2.6884,14
140,2.9313,14
141,2.4848,24
142,1.6827,7
143,2.2736,9
144,1.8696,19
145,1.6369,3
146,2.3226,3
147,2.7431,5
148,2.2203,1
149,2.2203,1
150,2.3226,4
151,2.3702,12
152,2.8819,23
153,2.6762,7
154,3.3225,9
155,2.7481,13
156,1.8696,19
157,2.6571,2
158,2.4022,3
159,1.7638,0
160,1.538,22
161,1.9437,2
162,2.3226,3
163,2.88,19
164,2.3226,3
165,2.4253,24
166,1.7577,0
167,2.339,14
168,2.1404,10
169,2.9172,6
170,2.6605,7
171,2.1404,10
172,2.4906,24
173,2.6506,4
174,2.6132,5
175,2.2047,20
176,2.8109,4
177,2.5312,19
178,2.4174,12
179,3.0022,14
180,2.6992,5
181,1.9946,1
182,2.8109,4
183,3.1611,21
184,2.8267,15
185,1.7997,12
186,0.9452,14
187,2.7792,8
188,2.4996,10
189,2.339,14
190,2.0692,6
191,2.1483,17
192,1.7638,1
193,3.5954,10
194,2.6132,4
195,1.6827,7
196,2.9851,25
197,1.7577,0
198,3.3442,20
199,2.6506,4
200,2.6285,2
201,2.9912,18
202,2.8229,20
203,3.9741,23
204,2.7481,12
205,1.7383,6
206,1.6909,6
207,2.7792,8
208,2.6506,4
209,2.1417,2
210,2.9172,5
211,1.5964,6
212,3.0941,23
213,2.0185,12
214,1.9391,12
215,2.1825,10
216,3.1611,21
217,2.071,4
218,1.8696,17
219,2.2579,3
220,1.6164,2
221,2.2047,20
222,2.3842,19
223,2.5975,10
224,2.4174,12
225,1.6827,7
226,1.9391,12
227,1.9437,3
228,2.7038,11
229,1.6827,7
230,1.7444,12
231,2.3821,10
232,1.3483,1
233,2.8229,20
234,2.9253,19
235,2.2736,9
236,2.6817,1
237,2.8229,20
238,2.8208,20
239,2.4651,10
240,2.3968,1
241,2.3226,3
242,2.6817,1
243,2.3663,1
244,1.6827,6
245,2.5425,10
246,1.8462,2
247,2.3702,12
248,2.3226,3
249,2.7792,8
250,1.7577,1
251,2.3226,3
252,2.8431,26
253,2.0179,2
254,3.3225,9
255,1.7383,6
256,1.8416,1
257,2.673,18
258,1.3483,1
259,1.7944,0
260,1.3483,1
261,2.2243,6
262,2.1713,10
263,2.2441,9
264,2.6571,2
265,2.339,14
266,1.8922,1
267,2.7792,7
268,3.423,15
269,2.5974,5
270,5.1101,5
271,1.4947,5
272,1.7638,1
273,1.6909,6
274,3.6785,10
275,2.6992,5
276,2.2203,1
277,2.4493,8
278,2.5929,6
279,2.9172,5
280,2.6132,4
281,2.2203,1
282,1.9437,3
283,3.473,10
284,2.2243,6
285,2.5425,10
286,1.7219,2
287,2.1713,10
288,3.5349,26
289,1.6164,1
290,1.6827,6
291,2.9563,8
292,2.5583,2
293,3.0105,19
294,2.9563,8
295,1.8696,20
296,2.5425,10
297,1.8922,1
298,2.0185,12
299,2.6506,4
300,2.5425,10
301,5.1101,5
302,2.7586,12
303,2.586,3
304,2.6506,5
305,2.4174,12
306,1.9391,12
307,1.7944,0
308,1.7638,1
309,1.9437,3
310,1.8462,2
311,2.7903,28
312,1.3483,0
313,1.7383,7
314,2.3226,4
315,3.1678,22
316,2.7586,12
317,1.6833,6
318,2.1357,4
319,1.8318,22
320,2.9314,8
321,1.8462,0
322,2.2203,0
323,2.2203,1
324,2.4952,1
325,1.7577,1
326,2.7442,6
327,1.8462,1
328,1.6164,2
329,2.1357,3
330,2.6375,4
331,2.6127,14
332,2.673,18
333,2.339,14
334,2.6506,4
335,1.8416,1
336,1.8318,22
337,1.7383,7
338,1.8462,1
339,2.4446,2
340,5.6852,6
341,2.8229,20
342,1.8416,1
343,1.8922,1
344,1.7444,12
345,2.6506,4
346,1.8462,1
347,1.5283,23
348,2.1825,10
349,2.6375,4
350,2.6132,5
351,1.8922,1
352,1.3483,1
353,1.3483,1
354,3.1611,21
355,1.7959,20
356,2.0798,4
357,3.3878,10
358,0.9476,7
359,1.6164,2
360,2.812,14
361,2.2536,20
362,1.7959,20
363,1.8139,5
364,2.9851,25
365,1.6164,2
366,2.9172,3
367,3.5522,22
368,2.1357,4
369,2.6506,5
370,2.5051,13
371,2.2613,20
372,2.5722,23
373,3.4617,28
374,1.5089,2
375,2.7564,2
376,1.8462,1
377,3.2444,1
378,2.399,26
379,2.6154,24
380,1.5089,2
381,2.1357,4
382,3.9938,0
383,2.3226,3
384,2.4446,2
385,1.8416,2
386,1.7577,0
387,2.6506,4
388,3.2537,19
389,1.793,1
390,2.4604,2
391,2.812,14
392,2.8649,8
393,2.3226,4
394,2.8816,7
395,2.9172,5
396,2.2047,20
397,3.4961,28
398,3.0077,21
399,2.5722,23
400,2.2203,0
401,1.9391,11
402,3.0781,2
403,1.9437,3
404,2.7599,4
405,1.594,6
406,3.2113,20
407,3.0155,20
408,3.473,10
409,0.9456,25
410,2.6506,4
411,1.7997,12
412,1.5499,3
413,1.8376,20
414,2.5312,19
415,2.7144,16
416,2.339,14
417,1.8922,1
418,3.1611,21
419,2.6132,4
420,1.6164,1
421,2.6331,7
422,2.5523,4
423,2.8816,7
424,2.6506,3
425,1.9437,3
426,2.5699,16
427,2.3962,4
428,2.7792,8
429,1.8462,1
430,2.8519,8
431,2.1921,2
432,1.3483,1
433,1.7959,20
434,3.9313,23
435,1.9437,3
436,2.7792,8
437,2.6817,2
438,3.0781,2
439,2.2243,6
440,2.1825,10
441,2.1357,4
442,2.7792,15
443,3.3225,9
444,1.3483,1
445,3.3672,7
446,3.4617,28
447,2.6506,4
448,1.7638,1
449,3.0781,2
450,2.9172,5
451,1.8462,1
452,2.8625,13
453,1.8696,20
454,2.6506,4
455,1.5964,6
456,2.8625,13
457,1.3483,1
458,2.3532,26
459,2.2689,3
460,2.3226,3
461,2.2203,1
462,2.0745,2
463,2.4496,19
464,1.3483,1
465,3.7239,24
466,1.6827,7
467,3.5006,27
468,4.3502,2
469,2.2736,9
470,0.8466,8
471,1.6164,1
472,2.3226,3
473,1.9396,20
474,1.9391,12
475,1.7444,12
476,1.7638,1
477,2.8235,0
478,2.0248,2
479,1.508,25
480,2.0403,15
481,3.5737,8
482,1.3483,1
483,2.2561,3
484,2.5292,6
485,2.3226,3
486,2.9172,5
487,2.3842,19
488,4.4,15
489,1.6827,7
490,2.6817,1
491,2.339,14
492,1.8601,0
493,1.8462,2
494,1.7638,1
495,4.2431,3
496,2.0118,2
497,1.7444,12
498,1.6827,7
499,1.9396,20
500,2.4493,8
501,1.8462,0
502,2.5425,10
503,2.339,14
504,1.7977,9
505,1.8462,2
506,4.0762,0
507,1.6827,7
508,1.7577,0
509,2.7792,7
510,2.3226,4
511,1.6164,1
512,1.7444,12
513,2.6212,23
514,2.3226,3
515,2.8339,20
516,1.2355,6
517,3.964,22
518,2.574,2
519,1.7213,2
520,0.9476,7
521,2.5312,19
522,3.5956,5
523,1.4901,14
524,2.0225,8
525,2.3226,4
526,2.1357,4
527,2.2028,3
528,2.3226,3
529,2.1209,7
530,1.6996,6
531,2.4996,10
532,2.6132,5
533,1.7106,1
534,1.7444,12
535,2.7144,16
536,3.8092,16
537,2.6817,1
538,3.2537,19
539,1.7638,1
540,2.8739,2
541,2.9475,15
542,1.8696,20
543,2.9437,24
544,2.6506,4
545,3.1025,14
546,1.7977,9
547,2.2203,0
548,2.7792,8
549,2.4068,10
550,3.1652,20
551,3.3351,9
552,3.5956,5
553,1.6827,6
554,3.964,22
555,2.8431,26
556,1.7444,11
557,2.0185,12
558,2.2203,1
559,3.3005,9
560,1.8416,1
561,1.5499,3
562,3.2847,9
563,2.1417,2
564,1.6827,7
565,1.8416,1
566,2.071,4
567,3.3041,19
568,2.3226,3
569,3.1652,20
570,3.2176,9
571,1.8724,13
572,3.5393,10
573,1.7383,6
574,2.2991,15
575,2.5425,10
576,2.1357,4
577,2.2441,9
578,2.4562,25
579,1.8922,1
580,1.8462,2
581,1.3483,0
582,2.625,2
583,2.6506,4
584,1.7444,12
585,1.3483,0
586,2.9172,5
587,1.9391,12
588,2.6506,4
589,2.2243,6
590,1.8462,0
591,2.5389,15
592,2.2579,3
593,2.7144,16
594,2.8613,2
595,2.9563,8
596,3.0105,19
597,3.1652,20
598,2.2203,0
599,1.8462,1
600,1.177,14
601,2.5929,6
602,1.6164,1
603,2.3302,9
604,1.8462,1
605,2.339,14
606,1.4442,22
607,2.1404,10
608,2.9172,4
609,3.3263,21
610,1.9415,9
611,2.7792,8
612,3.4096,1
613,2.6479,2
614,2.5095,8
615,2.8431,26
616,1.7444,12
617,2.1404,10
618,3.5082,22
619,2.6506,4
620,1.7577,1
621,2.3226,3
622,2.3226,4
623,1.7997,12
624,3.2847,9
625,1.5089,2
626,2.4332,13
627,2.2873,9
628,2.2561,3
629,1.6164,2
630,2.3172,13
631,2.4463,20
632,0.9925,11
633,3.9938,0
634,1.6996,6
635,1.17,28
636,5.3245,6
637,3.5966,12
638,2.3226,4
639,1.9391,11
640,2.2613,20
641,1.7638,1
642,2.1319,17
643,2.1417,2
644,2.6506,4
645,1.4572,15
646,2.3821,10
647,2.8739,2
648,2.2203,0
649,2.8519,8
650,1.9597,9
651,1.7383,6
652,3.964,22
653,2.586,3
654,2.2203,1
655,4.4039,2
656,1.9391,12
657,2.2699,20
658,2.8519,8
659,1.8318,22
660,1.8601,0
661,1.7638,1
662,2.8505,13
663,1.8934,20
664,2.5425,10
665,1.9391,12
666,2.0185,12
667,1.5089,2
668,2.7947,19
669,1.8455,9
670,2.633,7
671,2.2243,6
672,1.7638,1
673,2.7106,16
674,2.7647,13
675,4.1358,1
676,1.6164,1
677,1.466,24
678,1.7444,12
679,4.0762,0
680,2.0415,12
681,2.6992,5
682,3.9741,23
683,2.6506,4
684,1.8462,2
685,1.3483,1
686,1.8696,19
687,3.5393,10
688,2.8167,32
689,2.858,8
690,2.339,14
691,2.339,14
692,1.6164,1
693,1.3483,1
694,2.1404,10
695,2.7431,5
696,2.1404,10
697,1.6827,7
698,2.8684,13
699,1.3483,1
700,2.0885,4
701,2.6506,4
702,1.177,14
703,2.1319,17
704,2.2699,20
705,1.7577,1
706,1.7977,9
707,2.339,14
708,2.499,11
709,2.3226,4
710,1.9391,12
711,2.6884,14
712,2.3226,3
713,4.431,10
714,2.5008,2
715,2.673,18
716,2.7442,6
717,3.2537,19
718,2.7613,14
719,2.8613,2
720,1.8462,1
721,2.2689,3
722,2.812,14
723,2.6506,5
724,2.0689,26
725,1.7638,1
726,1.3483,1
727,2.0164,8
728,1.8724,13
729,1.8318,22
730,1.9391,11
731,2.6564,21
732,2.2203,1
733,2.3226,3
734,2.6571,2
735,2.2561,3
736,3.0781,2
737,2.1713,10
738,2.2203,0
739,1.9437,2
740,2.0461,1
741,2.0689,30
742,2.6817,1
743,2.3172,13
744,1.9597,9
745,2.5425,10
746,2.2696,5
747,1.9437,2
748,1.7088,2
749,1.6164,1
750,1.6164,2
751,2.3226,3
752,2.1465,13
753,2.3226,3
754,2.2203,0
755,2.339,14
756,1.137,31
757,2.3226,4
758,2.7647,13
759,1.7638,0
760,0.9456,25
761,2.6506,4
762,2.8533,31
763,2.495,2
764,2.7792,7
765,2.6605,7
766,1.8922,1
767,1.7977,9
768,2.7903,28
769,1.3483,1
770,3.6464,10
771,3.2537,19
772,2.2203,1
773,2.5095,8
774,1.5089,2
775,1.6164,1
776,2.3049,13
777,2.1685,0
778,2.3761,6
779,2.6331,7
780,3.5349,26
781,2.7903,28
782,1.8416,1
783,1.4947,5
784,1.7444,12
785,2.7792,8
786,3.3351,9
787,3.3005,9
788,1.8291,9
789,2.3226,4
790,2.3226,3
791,2.9172,5
792,2.6506,5
793,2.5975,10
794,2.7792,8
795,3.2847,9
796,2.5425,10
797,2.4871,9
798,1.3483,1
799,2.5464,23
800,2.7202,17
801,2.3226,2
802,2.2899,12
803,1.8696,19
804,3.5349,27
805,2.339,13
806,2.6479,2
807,3.6475,13
808,2.7947,19
809,2.4332,13
810,1.8462,2
811,1.3087,2
812,1.7383,7
813,1.8133,2
814,3.1611,21
815,1.7638,1
816,3.939,9
817,1.8462,1
818,2.3226,3
819,2.0692,6
820,1.8462,2
821,2.0721,4
822,2.5975,10
823,2.6055,12
824,2.8235,0
825,2.4037,0
826,2.3226,3
827,2.2579,3
828,3.3593,15
829,1.8133,2
830,3.0941,23
831,1.3483,1
832,2.0885,4
833,3.4459,20
834,5.1101,5
835,2.339,14
836,2.1795,2
837,3.4096,1
838,1.6164,1
839,2.8431,26
840,2.7451,17
841,1.7444,12
842,4.2477,2
843,3.6166,26
844,2.1357,4
845,2.1671,2
846,2.9912,18
847,2.339,14
848,3.3351,9
849,2.5292,6
850,1.3483,1
851,2.5312,19
852,2.6506,4
853,1.8416,1
854,2.7647,13
855,2.495,2
856,1.6827,6
857,2.7564,2
858,2.7792,7
859,2.1357,3
860,2.3226,3
861,1.8416,2
862,0.9476,7
863,2.4502,26
864,2.8284,13
865,2.7038,11
866,1.8416,2
867,2.9172,5
868,2.6992,5
869,2.673,18
870,1.7959,20
871,2.6817,1
872,1.8416,1
873,4.9117,2
874,1.5089,2
875,2.4806,20
876,1.6827,7
877,1.3483,1
878,1.8416,1
879,2.1357,4
880,3.1652,20
881,1.7444,12
882,3.2537,19
883,1.8139,5
884,1.8462,1
885,1.5653,21
886,2.6212,23
887,1.8462,2
888,2.1357,4
889,3.0447,21
890,2.1417,2
891,3.2444,1
892,2.9172,4
893,2.1357,4
894,2.4604,2
895,1.6164,2
896,1.7638,1
897,2.467,15
898,1.6164,1
899,2.9172,5
900,3.6166,26
901,2.1713,10
902,2.4562,24
903,1.6164,1
904,3.5956,5
905,0.8466,8
906,1.7383,7
907,5.0832,3
908,2.6506,4
909,1.6164,1
910,2.7811,2
911,3.0155,20
912,1.8696,18
913,2.6762,7
914,2.6817,1
915,1.8696,18
916,1.5089,2
917,2.7792,8
918,1.4901,14
919,2.495,2
920,1.7444,12
921,2.5975,10
922,1.7444,12
923,2.339,14
924,2.2873,9
925,1.8922,1
926,2.3226,3
927,2.339,14
928,3.0022,14
929,3.1652,20
930,2.2203,1
931,2.7481,13
932,1.8922,1
933,1.715,2
934,3.0781,2
935,1.7106,1
936,1.966,3
937,2.4871,9
938,5.3245,6
939,1.6996,6
940,2.88,24
941,2.9172,5
942,1.6827,7
943,1.7444,12
944,2.7792,7
945,2.5078,26
946,4.4039,2
947,1.3483,0
948,2.5008,2
949,2.5425,10
950,1.8922,1
951,1.9437,3
952,3.019,21
953,2.0689,26
954,3.2485,26
955,2.7792,8
956,1.8696,20
957,1.7638,1
958,3.6154,13
959,1.7383,7
960,1.8922,1
961,1.4572,15
962,2.4493,8
963,2.3761,6
964,1.712,1
965,1.7219,2
966,1.7997,12
967,2.7481,13
968,3.6166,26
969,4.6183,4
970,2.7202,17
971,0.9456,25
972,1.7959,20
973,2.4996,10
974,1.6164,2
975,2.2243,6
976,2.5523,4
977,2.467,15
978,2.2561,3
979,1.712,1
980,1.5964,6
981,3.1128,22
982,1.8376,20
983,2.6132,4
984,2.1357,3
985,0.823,12
986,1.8663,6
987,1.5653,21
988,2.8739,2
989,1.2952,15
990,2.6571,2
991,1.6164,1
992,2.4651,10
993,2.3702,12
994,1.8318,22
995,1.3483,1
996,1.7444,11
997,2.7481,13
998,1.8416,2
999,2.7481,13
1000,1.5089,2
1001,1.8663,6
1002,2.7792,8
1003,1.7444,12
1004,2.3226,3
1005,1.8224,20
1006,5.3245,6
1007,2.8208,20
1008,2.3226,3
1009,1.137,31
1010,1.6164,2
1011,2.7947,19
1012,1.5089,2
1013,2.3226,3
1014,3.0022,14
1015,0.8466,8
1016,2.9437,24
1017,1.8696,19
1018,3.5486,17
1019,3.6785,10
1020,1.6827,7
1021,1.9437,2
1022,1.177,14
1023,2.0185,12
1024,2.6132,4
1025,3.4308,28
1026,1.8416,1
1027,2.6817,1
1028,2.2441,9
1029,1.8696,19
1030,1.9946,1
1031,2.0745,2
1032,2.9172,5
1033,2.0692,6
1034,2.3226,4
1035,2.2243,6
1036,2.6817,1
1037,2.1357,4
1038,0.8466,8
1039,2.827,20
1040,2.9313,14
1041,3.2176,9
1042,2.1357,4
1043,2.7431,5
1044,2.812,13
1045,2.1417,2
1046,3.964,22
1047,2.3226,3
1048,2.5233,24
1049,2.9437,24
1050,1.8416,1
1051,1.6164,1
1052,2.339,13
1053,2.3302,9
1054,2.4463,20
1055,3.4419,13
1056,1.7638,1
1057,3.5956,5
1058,3.2423,9
1059,1.6827,6
1060,1.7444,12
1061,2.0185,12
1062,2.2028,3
1063,1.9391,12
1064,2.5699,16
1065,2.5233,24
1066,2.3907,1
1067,2.6375,4
1068,3.4632,16
1069,3.5737,8
1070,2.9172,5
1071,2.7481,13
1072,3.1652,20
1073,2.827,20
1074,2.5389,15
1075,4.6183,4
1076,1.3483,1
1077,2.3702,12
1078,2.7792,8
1079,1.6164,1
1080,1.9437,3
1081,3.078,21
1082,1.7444,12
1083,2.0415,12
1084,1.3483,1
1085,2.6992,5
1086,2.6055,12
1087,1.715,2
1088,3.0781,2
1089,3.0155,20
1090,2.2047,20
1091,2.8524,5
1092,2.4496,19
1093,2.6817,2
1094,2.9437,24
1095,2.827,20
1096,1.9437,3
1097,1.9437,2
1098,1.5499,3
1099,1.3483,1
1100,2.6506,5
1101,1.7444,12
1102,1.7959,20
1103,1.3483,1
1104,3.2176,9
1105,3.4304,5
1106,2.4463,20
1107,2.1417,2
1108,4.3089,24
1109,2.5664,24
1110,1.7444,12
1111,1.7444,11
1112,2.5929,6
1113,1.7444,12
1114,2.6506,4
1115,1.7997,12
1116,2.1671,2
1117,1.3424,3
1118,1.7997,12
1119,1.9391,12
1120,1.7383,7
1121,2.2579,3
1122,2.6817,2
1123,2.3226,3
1124,1.3483,0
1125,1.8416,1
1126,1.8416,1
1127,1.8462,1
1128,2.3702,12
1129,1.4169,22
1130,2.3702,12
1131,2.9172,5
1132,1.8601,0
1133,1.7577,1
1134,2.6928,17
1135,2.6817,1
1136,2.2696,5
1137,1.9391,12
1138,2.8857,16
1139,3.4617,28
1140,2.8235,0
1141,1.7383,7
1142,2.3226,3
1143,2.8684,13
1144,3.1427,15
1145,2.3226,3
1146,5.1376,6
1147,2.3226,3
1148,2.9314,8
1149,1.7444,11
1150,2.2203,0
1151,2.1357,4
1152,1.1619,14
1153,3.3015,20
1154,2.6884,14
1155,3.1091,10
1156,1.7944,0
1157,2.7792,8
1158,3.0155,20
1159,2.8235,0
1160,4.0757,23
1161,1.508,25
1162,3.5737,8
1163,3.5954,10
1164,2.6506,4
1165,2.6564,21
1166,1.7977,9
1167,2.2873,9
1168,3.679,21
1169,2.0225,8
1170,4.4039,2
1171,1.7444,12
1172,2.9172,5
1173,1.5517,0
1174,2.6299,1
1175,2.0403,15
1176,1.6909,6
1177,1.7444,12
1178,2.858,8
1179,1.8462,1
1180,5.1376,6
1181,2.6479,2
1182,1.7383,7
1183,3.2915,19
1184,2.5464,23
1185,2.4446,2
1186,2.6132,4
1187,1.8376,20
1188,2.7481,12
1189,1.3483,1
1190,1.8376,20
1191,2.812,14
1192,1.9391,12
1193,1.1505,11
1194,2.7481,13
1195,2.2625,17
1196,2.4332,13
1197,1.7638,1
1198,1.7638,1
1199,2.8235,0
1200,2.9172,6
1201,1.8462,1
1202,1.7444,12
1203,1.1505,11
1204,1.9396,20
1205,1.6164,1
1206,2.6817,1
1207,2.88,24
1208,1.9391,12
1209,2.6817,2
1210,2.2561,3
1211,2.4195,26
1212,2.4037,0
1213,2.3226,3
1214,2.4332,13
1215,1.9391,12
1216,2.812,14
1217,1.7444,12
1218,1.6827,7
1219,1.5089,2
1220,2.1396,17
1221,1.8922,1
1222,1.8922,1
1223,1.6827,7
1224,2.6817,1
1225,1.5089,2
1226,1.8416,1
1227,1.7444,12
1228,3.5956,5
1229,1.8462,1
1230,2.3663,1
1231,1.7577,1
1232,2.3936,8
1233,1.8139,5
1234,2.5425,10
1235,2.7792,8
1236,1.8922,1
1237,4.3089,24
1238,2.3907,1
1239,1.8416,0
1240,1.7638,1
1241,1.2818,3
1242,2.2203,0
1243,3.0105,19
1244,1.9391,11
1245,1.8166,20
1246,2.3842,19
1247,1.5089,2
1248,1.7444,12
1249,2.4806,20
1250,1.8696,19
1251,1.7638,1
1252,1.7444,12
1253,3.5777,28
1254,1.5517,0
1255,2.2873,9
1256,1.7577,0
1257,2.339,14
1258,1.8922,1
1259,1.7577,0
1260,1.6164,1
1261,2.5425,10
1262,2.2875,16
1263,2.5425,10
1264,2.2875,16
1265,2.5425,10
1266,1.7444,12
1267,1.1505,11
1268,2.0295,8
1269,1.8462,2
1270,1.6164,1
1271,1.5089,2
1272,1.508,25
1273,0.9452,14
1274,2.3049,13
1275,0.8466,8
1276,2.6992,5
1277,2.9172,5
1278,2.6817,2
1279,2.3226,3
1280,0.9456,25
1281,3.4304,5
1282,2.8431,26
1283,3.964,22
1284,2.1357,4
1285,2.39,13
1286,2.6132,4
1287,2.736,17
1288,3.6166,26
1289,2.2203,1
1290,2.7903,28
1291,3.3263,21
1292,1.1831,15
1293,1.8922,1
1294,2.3775,3
1295,2.7481,13
1296,2.6817,2
1297,2.3962,3
1298,2.3775,3
1299,2.8208,20
1300,2.495,2
1301,2.5008,2
1302,3.9938,0
1303,4.0762,0
1304,2.88,24
1305,3.0781,2
1306,2.1465,13
1307,1.8462,1
1308,1.6827,6
1309,2.9314,9
1310,1.7638,1
1311,1.8416,1
1312,1.7444,12
1313,2.0185,12
1314,4.2477,2
1315,2.1685,0
1316,1.3483,1
1317,1.7638,1
1318,2.3226,3
1319,2.2203,1
1320,1.7577,0
1321,1.7444,12
1322,1.7383,7
1323,3.5643,13
1324,1.7444,12
1325,2.5312,19
1326,2.1357,4
1327,2.6817,1
1328,1.9391,12
1329,5.0522,4
1330,2.9172,5
1331,2.7481,13
1332,2.2873,9
1333,2.0185,12
1334,2.9864,9
1335,2.3907,1
1336,3.3789,2
1337,2.5988,4
1338,2.8857,16
1339,2.3907,1
1340,2.1209,7
1341,3.2879,32
1342,2.3172,13
1343,1.7577,1
1344,1.7444,12
1345,2.7792,8
1346,3.4096,1
1347,1.3483,0
1348,1.8416,1
1349,2.2203,1
1350,2.3226,3
1351,1.7577,0
1352,3.5737,8
1353,2.1506,14
1354,2.5425,10
1355,3.0155,24
1356,1.6827,7
1357,1.712,1
1358,2.0248,2
1359,2.5523,4
1360,2.2441,9
1361,2.7599,4
1362,3.0781,2
1363,1.7638,1
1364,1.7577,1
1365,2.812,14
1366,2.0047,8
1367,2.6992,5
1368,2.2736,9
1369,2.4332,13
1370,2.0164,8
1371,0.4094,27
1372,3.6746,23
1373,1.8139,5
1374,1.2818,3
1375,2.6884,14
1376,2.6506,4
1377,3.6746,23
1378,1.8696,19
1379,2.7481,13
1380,1.5283,23
1381,2.8235,0
1382,4.1653,1
1383,2.2696,5
1384,2.3226,3
1385,2.3226,3
1386,2.1357,4
1387,3.2485,26
1388,1.7959,20
1389,1.0395,2
1390,1.7638,1
1391,2.3049,13
1392,2.3226,4
1393,3.5345,28
1394,3.2444,1
1395,2.812,13
1396,1.8696,17
1397,2.3226,3
1398,1.7444,12
1399,2.3702,12
1400,2.7564,2
1401,2.6506,4
1402,1.5089,2
1403,2.586,3
1404,2.0185,12
1405,2.7084,2
1406,1.7444,12
1407,1.17,28
1408,2.6506,4
1409,3.9741,23
1410,1.7383,7
1411,2.6817,1
1412,1.8696,20
1413,2.4806,20
1414,1.6164,1
1415,1.508,25
1416,3.5006,27
1417,1.7884,2
1418,2.8235,0
1419,2.0295,8
1420,2.2203,1
1421,1.8455,9
1422,2.6154,24
1423,2.2243,6
1424,2.2203,0
1425,3.2423,9
1426,2.9172,4
1427,1.6164,1
1428,2.8109,4
1429,4.188,24
1430,1.7444,12
1431,2.2873,9
1432,2.5425,10
1433,2.1465,13
1434,1.7213,2
1435,3.1611,22
1436,1.7444,12
1437,2.0403,15
1438,2.7481,12
1439,3.1652,20
1440,3.6785,10
1441,2.2047,20
1442,2.3226,4
1443,2.8686,14
1444,2.3226,3
1445,1.3087,2
1446,2.4446,2
1447,2.4446,2
1448,5.1376,6
1449,1.7383,6
1450,1.2355,6
1451,2.3226,4
1452,1.3483,1
1453,2.6116,14
1454,3.6464,10
1455,2.339,14
1456,1.6827,7
1457,2.3226,3
1458,2.2625,17
1459,2.1515,19
1460,1.6164,2
1461,3.5082,22
1462,2.5751,21
1463,1.3471,9
1464,1.5964,6
1465,2.2243,6
1466,2.3761,6
1467,2.5699,16
1468,2.8667,23
1469,2.4037,0
1470,3.0155,20
1471,2.5523,4
1472,2.3226,3
1473,1.7959,20
1474,2.4446,2
1475,1.7577,1
1476,0.9925,11
1477,1.8462,0
1478,3.2847,9
1479,2.5425,10
1480,1.7383,6
1481,2.1357,4
1482,2.2716,9
1483,2.1357,4
1484,1.3483,1
1485,1.137,31
1486,1.7577,1
1487,4.1653,1
1488,2.0185,12
1489,1.8462,0
1490,1.7444,12
1491,2.7434,14
1492,2.574,2
1493,2.3226,3
1494,1.7383,6
1495,2.8507,8
1496,3.939,9
1497,2.1357,4
1498,1.4169,22
1499,1.8462,0
1500,1.7577,1
1501,1.7638,1
1502,2.3226,3
1503,1.9391,12
1504,2.6817,2
1505,2.243,24
1506,2.7792,7
1507,2.4332,13
1508,2.2203,1
1509,2.7586,12
1510,1.6164,1
1511,5.9191,7
1512,3.0781,2
1513,3.2537,19
1514,3.3672,7
1515,1.7638,1
1516,1.6164,2
1517,2.1357,3
1518,1.9437,3
1519,2.6992,5
1520,1.8696,19
1521,1.966,3
1522,1.5089,2
1523,3.6746,23
1524,1.8922,1
1525,3.2423,9
1526,1.8416,1
1527,2.4493,8
1528,2.7792,15
1529,1.5089,2
1530,3.2847,9
1531,1.8416,1
1532,2.1357,4
1533,3.2537,19
1534,2.3226,4
1535,1.7444,12
1536,1.3087,2
1537,3.0077,21
1538,1.8724,13
1539,0.9925,11
1540,4.0833,15
1541,2.2203,0
1542,0.6433,26
1543,4.6183,4
1544,2.4871,9
1545,2.3842,19
1546,2.2203,1
1547,2.9313,14
1548,1.7577,1
1549,2.5008,2
1550,1.6827,7
1551,2.1396,17
1552,1.8462,1
1553,1.6909,6
1554,2.8505,13
1555,2.0047,8
1556,2.7947,19
1557,3.3593,15
1558,2.6817,1
1559,1.9391,12
1560,2.1162,0
1561,2.4496,19
1562,1.8922,1
1563,1.7997,12
1564,2.6817,1
1565,2.3226,3
1566,2.812,14
1567,1.6164,2
1568,2.9437,24
1569,1.8462,2
1570,2.6817,1
1571,2.9172,6
1572,2.812,14
1573,2.3702,12
1574,1.7577,1
1575,1.6827,6
1576,3.3351,9
1577,3.5582,21
1578,2.3226,3
1579,2.0185,11
1580,2.4824,2
1581,2.1357,4
1582,2.243,24
1583,1.8166,20
1584,1.9391,12
1585,1.8139,5
1586,3.0549,20
1587,2.2579,3
1588,2.7038,11
1589,4.3502,2
1590,1.7638,1
1591,2.7647,13
1592,1.8318,22
1593,2.3226,3
1594,2.6817,1
1595,1.8416,2
1596,2.1357,3
1597,2.6817,1
1598,1.6827,7
1599,1.3471,9
1600,2.5425,10
1601,2.7481,13
1602,1.6827,6
1603,2.3226,3
1604,3.9938,0
1605,2.5988,4
1606,2.88,24
1607,1.9391,12
1608,3.3263,21
1609,1.7577,0
1610,2.6992,5
1611,1.466,24
1612,3.0462,18
1613,2.4604,2
1614,2.6817,1
1615,2.2716,9
1616,3.1865,20
1617,2.5425,10
1618,1.9391,12
1619,2.9172,4
1620,2.7038,11
1621,2.3226,3
1622,2.8686,14
1623,1.9391,12
1624,3.3878,10
1625,3.473,10
1626,0.846,26
1627,2.2699,20
1628,2.0179,2
1629,1.6164,1
1630,1.6164,1
1631,1.8416,1
1632,1.7444,12
1633,4.4503,0
1634,2.4502,26
1635,2.6817,2
1636,2.6817,1
1637,1.8696,19
1638,1.9391,12
1639,3.0462,18
1640,2.0225,8
1641,1.7383,7
1642,2.8819,23
1643,1.6833,6
1644,3.3672,7
1645,1.5089,2
1646,2.9172,5
1647,1.7444,12
1648,1.7997,12
1649,2.1575,3
1650,2.7481,13
1651,2.3702,12
1652,2.6992,5
1653,2.8524,5
1654,3.8031,12
1655,2.5583,2
1656,2.7442,6
1657,1.7444,12
1658,2.0185,12
1659,1.5089,2
1660,2.2203,0
1661,2.2441,9
1662,2.9962,13
1663,2.2203,0
1664,2.8431,26
1665,2.8431,26
1666,2.9172,5
1667,1.966,3
1668,1.7638,1
1669,2.2047,20
1670,3.3351,9
1671,2.0185,12
1672,1.8462,2
1673,1.6164,1
1674,2.4562,24
1675,2.1671,2
1676,3.2537,19
1677,2.9962,13
1678,4.0716,1
1679,1.5089,2
1680,0.9476,7
1681,1.6827,7
1682,2.1209,7
1683,2.1483,17
1684,2.1417,2
1685,2.5312,19
1686,2.7481,13
1687,1.8696,19
1688,1.7884,2
1689,1.8416,2
1690,1.8166,20
1691,3.0781,2
1692,1.8462,1
1693,2.4824,2
1694,3.2695,19
1695,2.6506,4
1696,3.8092,16
1697,2.4515,1
1698,2.5975,10
1699,1.8416,1
1700,2.7903,28
1701,1.3483,1
1702,1.7997,12
1703,1.8368,9
1704,1.5517,0
1705,1.8462,1
1706,2.3226,4
1707,1.8696,19
1708,2.0185,12
1709,1.5089,2
1710,1.6164,1
1711,1.7383,6
1712,1.5283,23
1713,1.7444,12
1714,1.7577,1
1715,1.6996,6
1716,1.9391,12
1717,2.339,14
1718,2.2441,9
1719,2.1357,4
1720,2.9172,5
1721,1.7444,12
1722,2.3226,3
1723,1.3424,3
1724,0.9456,25
1725,2.8431,4
1726,1.3483,1
1727,2.0461,1
1728,1.7577,0
1729,1.3483,1
1730,5.9191,7
1731,1.6827,7
1732,2.1357,4
1733,2.9172,5
1734,1.6164,1
1735,2.2203,1
1736,2.3226,2
1737,1.8166,20
1738,2.0798,4
1739,2.2203,0
1740,2.0185,12
1741,1.7638,0
1742,4.0757,23
1743,4.1358,1
1744,0.827,11
1745,1.8376,20
1746,2.2047,20
1747,2.6817,2
1748,3.0781,2
1749,2.6817,2
1750,1.8462,2
1751,2.2716,9
1752,1.9437,3
1753,2.3962,3
1754,2.1825,10
1755,2.7481,13
1756,2.3226,3
1757,2.7038,11
1758,2.6127,16
1759,2.6605,14
1760,2.5699,16
1761,3.1081,20
1762,2.6817,1
1763,2.6506,3
1764,2.9172,5
1765,2.8267,15
1766,1.7444,12
1767,2.8063,12
1768,2.2579,3
1769,2.1357,4
1770,2.9253,19
1771,1.7444,12
1772,2.7811,2
1773,2.1417,2
1774,2.8223,12
1775,2.6506,4
1776,2.4493,8
1777,1.6996,6
1778,2.3226,3
1779,2.3226,3
1780,2.3761,6
1781,3.0447,21
1782,2.7947,19
1783,5.0832,3
1784,1.966,3
1785,2.6212,23
1786,2.2028,3
1787,2.6116,14
1788,4.2431,3
1789,2.6285,2
1790,1.9437,2
1791,3.3005,9
1792,2.4446,2
1793,2.7613,14
1794,2.9962,13
1795,1.9437,2
1796,2.6506,4
1797,1.7638,1
1798,1.8922,1
1799,2.8649,8
1800,1.17,28
1801,2.9172,5
1802,2.6817,2
1803,1.8416,2
1804,1.9437,3
1805,2.1357,4
1806,2.8819,24
1807,3.0077,20
1808,2.4996,10
1809,1.8696,19
1810,1.6827,6
1811,1.7444,12
1812,1.7444,12
1813,2.5293,8
1814,2.0185,12
1815,1.5283,23
1816,2.7811,2
1817,1.8922,1
1818,3.4961,28
1819,1.8724,13
1820,1.7444,12
1821,0.823,12
1822,2.4806,20
1823,1.8462,2
1824,2.2203,0
1825,2.2873,9
1826,1.4169,22
1827,1.6369,3
1828,2.8223,12
1829,2.3226,3
1830,2.7481,13
1831,1.3483,1
1832,1.8696,20
1833,2.7144,16
1834,0.8466,8
1835,2.2203,0
1836,2.8267,15
1837,2.9172,5
1838,3.1652,20
1839,3.3263,21
1840,2.2243,6
1841,3.0155,20
1842,0.846,26
1843,2.9172,6
1844,2.0164,8
1845,2.4824,2
1846,4.4039,2
1847,2.7595,1
1848,2.625,2
1849,2.8507,8
1850,3.3225,9
1851,2.1404,10
1852,1.8922,1
1853,2.7481,13
1854,3.8107,19
1855,1.6996,6
1856,1.8696,20
1857,1.9437,2
1858,1.9391,12
1859,1.6909,6
1860,2.2203,0
1861,1.5089,2
1862,1.6827,7
1863,1.0395,2
1864,2.8339,20
1865,1.8455,9
1866,2.5425,10
1867,1.3483,1
1868,2.2243,6
1869,1.8416,1
1870,2.2203,0
1871,1.8462,2
1872,1.5089,2
1873,2.0798,4
1874,2.2203,0
1875,2.3226,3
1876,1.7638,1
1877,1.8462,0
1878,3.1221,2
1879,2.9172,4
1880,2.2863,13
1881,4.3502,2
1882,2.6817,2
1883,3.1128,22
1884,2.5312,19
1885,2.39,13
1886,1.7638,1
1887,3.0155,24
1888,3.0155,24
1889,2.1515,19
1890,3.0155,20
1891,1.6164,1
1892,1.8416,1
1893,2.8431,26
1894,1.6833,6
1895,1.8934,20
1896,1.7383,6
1897,1.6827,7
1898,1.7444,12
1899,1.8696,18
1900,2.6506,4
1901,3.1128,22
1902,4.4503,0
1903,2.7481,13
1904,1.5089,2
1905,1.6164,1
1906,1.6833,6
1907,2.2689,3
1908,1.6827,6
1909,2.1357,4
1910,1.8416,2
1911,1.6833,6
1912,2.6299,1
1913,1.6164,2
1914,2.6817,1
1915,2.5312,19
1916,2.8235,0
1917,5.3245,6
1918,2.8519,8
1919,2.0248,2
1920,2.2689,3
1921,1.9391,12
1922,0.9925,11
1923,2.9172,5
1924,1.8462,2
1925,1.6827,7
1926,2.6817,1
1927,2.5389,15
1928,2.5464,23
1929,2.4463,20
1930,1.7959,20
1931,2.1506,14
1932,1.7193,18
1933,2.9172,5
1934,2.0185,12
1935,2.0185,12
1936,2.5699,16
1937,1.7444,12
1938,1.8922,1
1939,2.6817,1
1940,3.4096,1
1941,1.8224,20
1942,2.2897,24
1943,2.3226,3
1944,2.7947,19
1945,2.4446,2
1946,2.9172,5
1947,5.1376,6
1948,2.9314,9
1949,2.1357,4
1950,1.7638,0
1951,1.7383,6
1952,3.5737,8
1953,1.8416,1
1954,2.4493,8
1955,2.4515,1
1956,1.8416,0
1957,4.0757,23
1958,5.1101,5
1959,3.3442,20
1960,2.1357,4
1961,2.0185,11
1962,1.9391,12
1963,1.8416,1
1964,1.8922,1
1965,3.6028,16
1966,2.6817,1
1967,3.2537,19
1968,2.6992,5
1969,1.3483,0
1970,1.7638,0
1971,1.9437,1
1972,3.0155,24
1973,1.9437,3
1974,1.8922,1
1975,2.2203,0
1976,1.5283,23
1977,1.6827,7
1978,1.7898,1
1979,2.339,13
1980,4.2477,2
1981,2.7613,14
1982,1.6164,1
1983,2.5425,10
1984,1.7088,2
1985,2.3226,3
1986,2.339,14
1987,3.1081,20
1988,2.6817,2
1989,1.8922,1
1990,3.3442,20
1991,2.9172,3
1992,2.3968,1
1993,3.1091,10
1994,2.1357,4
1995,0.8494,22
1996,2.7481,13
1997,2.495,2
1998,2.4022,3
1999,0.9533,31
2000,1.7638,0
2001,2.2873,9
2002,2.4463,20
2003,2.7792,8
2004,1.7577,1
2005,3.2847,9
2006,1.7577,0
2007,2.1357,4
2008,2.8739,2
2009,2.8431,4
2010,1.8462,2
2011,1.466,24
2012,2.4651,10
2013,2.3226,4
2014,1.2818,3
2015,1.8416,0
2016,2.2203,1
2017,3.0781,2
2018,1.8462,2
2019,2.9475,15
2020,2.3226,3
2021,2.2243,6
2022,1.8934,20
2023,1.8416,2
2024,1.5089,2
2025,2.3226,3
2026,3.1091,10
2027,1.6827,7
2028,4.1358,1
2029,2.2899,12
2030,1.8416,1
2031,1.5499,3
2032,2.0248,2
2033,2.9912,18
2034,2.0689,26
2035,2.7481,13
2036,2.0721,4
2037,1.6996,6
2038,1.8696,19
2039,2.2243,6
2040,1.9437,3
2041,3.0781,2
2042,2.4496,19
2043,2.8625,13
2044,3.2847,9
2045,2.4493,8
2046,2.9172,6
2047,2.4824,2
2048,1.8663,6
2049,1.9391,12
2050,2.7903,28
2051,1.8462,1
2052,2.1483,17
2053,2.2873,9
2054,2.9314,8
2055,1.8291,9
2056,2.7478,11
2057,2.7451,17
2058,0.827,11
2059,2.5425,10
2060,2.858,8
2061,2.8235,0
2062,2.673,18
2063,1.3087,2
2064,1.8696,18
2065,1.4947,5
2066,1.7959,20
2067,2.4996,10
2068,1.8462,1
2069,2.3226,3
2070,2.6564,21
2071,3.019,21
2072,3.6028,16
2073,3.0155,24
2074,2.8524,5
2075,3.5954,10
2076,3.3351,9
2077,2.7792,8
2078,2.6884,14
2079,1.6164,2
2080,3.2444,1
2081,1.6164,1
2082,2.5583,2
2083,3.3041,19
2084,2.4493,8
2085,2.7792,7
2086,1.7959,20
2087,3.3005,9
2088,2.2613,20
2089,1.7577,0
2090,3.3041,19
2091,2.7792,15
2092,3.4096,1
2093,2.0885,4
2094,2.8235,0
2095,2.8339,20
2096,2.9313,14
2097,2.8229,20
2098,1.7638,1
2099,1.8416,2
2100,2.9172,6
2101,1.7444,12
2102,2.3226,3
2103,2.6127,16
2104,2.3226,3
2105,2.6506,5
2106,2.1417,2
2107,1.8416,2
2108,2.8819,23
2109,1.7383,7
2110,3.0155,20
2111,2.8684,13
2112,2.0047,8
2113,2.4493,8
2114,3.1221,2
2115,2.6992,5
2116,1.7638,1
2117,2.6564,21
2118,1.5283,23
2119,2.3226,3
2120,3.0549,20
2121,1.6827,7
2122,2.339,13
2123,2.3226,3
2124,1.7959,20
2125,2.4651,10
2126,2.39,13
2127,1.7577,0
2128,1.8416,2
2129,1.8376,20
2130,1.8696,19
2131,2.6884,14
2132,3.8092,16
2133,1.8416,1
2134,2.8393,2
2135,2.2203,1
2136,2.8267,15
2137,1.7997,12
2138,0.846,26
2139,2.0185,12
2140,3.0105,19
2141,2.2873,9
2142,3.1611,22
2143,1.7977,9
2144,1.8696,19
2145,2.499,11
2146,2.7947,19
2147,2.0185,12
2148,2.6817,1
2149,1.9391,12
2150,2.2203,1
2151,2.812,13
2152,2.3226,3
2153,1.9396,20
2154,2.5425,10
2155,2.9962,13
2156,2.0185,12
2157,2.8816,7
2158,3.5956,5
2159,1.3055,13
2160,1.715,2
2161,2.2716,9
2162,1.8376,20
2163,2.7903,28
2164,2.2203,1
2165,2.3226,3
2166,4.9232,4
2167,2.673,18
2168,5.0832,3
2169,3.0022,14
2170,2.9912,18
2171,1.7383,6
2172,1.6827,6
2173,2.2863,13
2174,1.6827,7
2175,2.6285,2
2176,2.9172,5
2177,3.1611,21
2178,2.7916,3
2179,2.5464,23
2180,2.3226,3
2181,2.7947,19
2182,2.0047,8
2183,1.2818,3
2184,2.1357,4
2185,2.0185,12
2186,1.7884,2
2187,1.7997,12
2188,1.5283,23
2189,2.0185,12
2190,2.6506,5
2191,2.3226,3
2192,2.4906,24
2193,2.0415,12
2194,1.8416,2
2195,5.0832,3
2196,2.3226,4
2197,1.9437,1
2198,2.9172,5
2199,2.3226,3
2200,2.8208,20
2201,2.4502,26
2202,1.9437,3
2203,2.4463,20
2204,2.6817,2
2205,1.7383,6
2206,1.7383,6
2207,2.8739,2
2208,1.1831,15
2209,1.7977,9
2210,2.812,13
2211,1.8922,1
2212,1.6996,6
2213,2.5051,13
2214,2.8743,32
2215,1.177,14
2216,1.3483,1
2217,4.2431,3
2218,2.0185,12
2219,4.072,23
2220,2.8686,14
2221,2.8339,20
2222,2.8739,2
2223,1.9391,12
2224,2.2203,0
2225,2.0179,2
2226,1.5089,2
2227,2.495,2
2228,1.7577,1
2229,1.8139,5
2230,4.9117,2
2231,2.7792,7
2232,2.0118,2
2233,1.3483,1
2234,2.7481,13
2235,2.0118,2
2236,2.3226,3
2237,1.8318,22
2238,2.6884,14
2239,1.6827,7
2240,2.673,18
2241,2.6506,4
2242,3.1611,21
2243,2.3226,4
2244,1.9437,3
2245,4.6183,4
2246,2.7792,8
2247,0.8494,22
2248,2.1357,4
2249,2.4493,8
2250,1.3483,1
2251,1.7638,1
2252,2.6055,12
2253,2.5312,19
2254,1.5283,23
2255,3.0105,19
2256,2.6127,16
2257,2.7811,2
2258,2.8431,26
2259,2.3226,3
2260,2.3532,26
2261,2.8284,13
2262,2.7792,7
2263,1.8462,2
2264,1.4169,22
2265,3.5082,22
2266,2.2047,20
2267,1.594,6
2268,2.0185,12
2269,1.3483,1
2270,2.812,13
2271,2.3962,3
2272,1.7638,0
2273,2.9253,19
2274,2.6817,2
2275,2.8223,12
2276,2.1357,4
2277,2.4332,13
2278,2.0185,11
2279,2.5425,10
2280,2.1515,19
2281,2.6116,14
2282,2.6506,4
2283,2.0164,8
2284,1.8139,5
2285,2.3226,3
2286,2.6817,1
2287,2.1417,2
2288,2.3226,3
2289,1.3483,1
2290,3.3351,9
2291,2.2047,20
2292,3.3263,21
2293,2.4871,9
2294,2.6817,1
2295,2.1357,3
2296,4.6218,1
2297,2.5292,6
2298,2.6817,2
2299,3.5082,22
2300,2.7106,16
2301,2.7595,1
2302,3.1091,10
2303,2.339,13
2304,2.7084,2
2305,3.0155,20
2306,2.1357,3
2307,2.3226,3
2308,1.8462,1
2309,2.8229,20
2310,1.7959,20
2311,1.9391,12
2312,1.7444,12
2313,1.8696,19
2314,1.7638,0
2315,1.6164,1
2316,2.9172,4
2317,1.793,1
2318,2.1506,14
2319,2.6992,5
2320,2.7481,13
2321,1.8416,2
2322,2.3226,3
2323,3.5737,8
2324,2.339,14
2325,1.5089,2
2326,2.9851,25
2327,2.7599,4
2328,2.2536,20
2329,1.2836,1
2330,2.7792,15
2331,3.0155,20
2332,2.1357,4
2333,1.3483,1
2334,3.1128,22
2335,2.2203,0
2336,1.6833,6
2337,1.7193,18
2338,3.5954,10
2339,2.339,13
2340,2.7481,13
2341,2.2243,6
2342,2.6817,1
2343,1.7977,9
2344,1.9437,1
2345,2.3226,3
2346,2.5425,10
2347,2.8431,4
2348,1.7638,1
2349,1.8462,2
2350,1.7638,1
2351,2.3226,2
2352,2.5425,10
2353,2.6817,2
2354,2.8625,13
2355,2.6055,12
2356,2.625,2
2357,1.538,22
2358,2.5051,13
2359,2.467,15
2360,2.1713,10
2361,1.7638,1
2362,1.7959,20
2363,3.939,9
2364,1.793,1
2365,3.6028,16
2366,1.8416,2
2367,2.7903,28
2368,2.9172,5
2369,2.0185,12
2370,1.6164,2
2371,2.7084,2
2372,1.6164,2
2373,2.8819,23
2374,1.6369,3
2375,1.9437,2
2376,1.7959,20
2377,2.339,13
2378,2.5312,19
2379,2.2243,6
2380,2.2203,0
2381,1.7638,1
2382,1.8462,1
2383,3.2952,30
2384,2.6506,3
2385,3.2537,19
2386,2.6817,2
2387,2.1357,3
2388,1.0395,2
2389,2.0118,2
2390,1.8139,5
2391,1.6164,2
2392,2.2716,9
2393,1.8376,20
2394,1.8224,20
2395,2.467,15
2396,2.339,14
2397,3.6028,16
2398,1.7193,18
2399,2.3226,3
2400,3.3921,20
2401,2.9912,18
2402,2.8816,7
2403,2.2873,9
2404,2.0185,12
2405,2.8229,20
2406,4.6218,1
2407,1.6164,1
2408,2.4446,2
2409,2.2873,9
2410,1.0395,2
2411,2.8235,0
2412,1.7444,12
2413,1.3424,3
2414,2.5425,10
2415,1.7219,2
2416,2.9172,6
2417,2.1319,17
2418,2.2873,9
2419,1.8462,2
2420,3.4459,20
2421,2.7481,13
2422,2.5464,23
2423,2.5699,16
2424,3.2847,9
2425,3.0105,19
2426,3.4096,1
2427,2.1357,3
2428,5.7047,2
2429,1.3483,1
2430,1.3471,9
2431,2.6154,24
2432,2.812,14
2433,2.9172,5
2434,2.5051,13
2435,3.0155,20
2436,3.1611,22
2437,1.8663,6
2438,2.812,14
2439,2.1209,7
2440,2.8743,32
2441,1.7638,1
2442,3.4459,20
2443,1.5089,2
2444,2.2579,3
2445,1.8696,19
2446,2.3702,12
2447,1.6164,1
2448,1.3483,1
2449,2.5464,23
2450,2.2696,5
2451,1.9437,2
2452,2.7613,14
2453,2.339,14
2454,3.964,22
2455,2.1453,22
2456,4.3502,2
2457,1.3483,1
2458,1.1831,15
2459,2.0185,12
2460,2.8505,13
2461,2.9274,21
2462,1.8601,0
2463,2.5425,10
2464,2.2536,20
2465,2.8267,15
2466,1.8696,19
2467,2.4068,10
2468,1.7383,7
2469,2.0185,12
2470,5.3245,6
2471,4.0716,1
2472,2.339,14
2473,2.5974,5
2474,2.7481,13
2475,1.6164,2
2476,2.1396,17
2477,0.8494,22
2478,0.846,26
2479,3.1221,2
2480,1.7383,7
2481,3.5956,5
2482,2.5974,5
2483,0.4094,27
2484,1.7638,1
2485,2.7903,28
2486,2.4604,2
2487,2.9437,24
2488,2.2243,6
2489,1.7638,1
2490,2.7481,13
2491,2.8667,23
2492,2.6506,4
2493,2.8649,8
2494,2.5425,10
2495,0.846,26
2496,2.8649,8
2497,2.6132,5
2498,1.7977,9
2499,2.7084,2
2500,2.9172,5
2501,2.5975,10
2502,2.3226,2
2503,2.495,2
2504,2.5095,8
2505,4.072,23
2506,2.7792,8
2507,3.2537,19
2508,2.8393,2
2509,2.0461,1
2510,2.0047,8
2511,2.2899,12
2512,1.8922,1
2513,3.8107,19
2514,2.6506,4
2515,2.2372,22
2516,1.8318,22
2517,1.8133,2
2518,5.7047,2
2519,2.6506,4
2520,1.8922,1
2521,2.2047,20
2522,2.88,24
2523,1.5089,2
2524,2.812,14
2525,2.1357,4
2526,1.7577,0
2527,1.4572,15
2528,2.812,13
2529,2.6506,4
2530,2.4493,8
2531,2.0461,1
2532,2.2875,16
2533,3.2915,19
2534,2.9172,4
2535,2.6992,5
2536,2.8419,21
2537,2.3226,3
2538,3.0155,24
2539,1.8318,22
2540,1.3483,1
2541,2.1357,4
2542,1.8922,1
2543,2.1162,0
2544,2.7903,28
2545,1.8376,20
2546,1.3483,1
2547,2.1162,0
2548,3.6785,10
2549,2.8419,21
2550,2.6992,5
2551,2.5425,10
2552,3.0781,2
2553,2.7916,3
2554,2.7947,19
2555,2.7481,13
2556,2.7144,16
2557,2.3226,2
2558,2.9253,19
2559,1.9437,3
2560,1.3483,1
2561,1.7638,0
2562,1.8368,9
2563,2.9172,5
2564,1.8318,22
2565,2.9563,8
2566,2.6817,2
2567,2.7595,1
2568,1.7638,1
2569,1.6827,7
2570,1.1739,24
2571,0.846,26
2572,3.0447,21
2573,2.7481,13
2574,1.7444,12
2575,2.5974,5
2576,2.6506,4
2577,2.8819,24
2578,2.6817,1
2579,2.1417,2
2580,3.0155,24
2581,2.0047,8
2582,2.4806,20
2583,2.0185,11
2584,2.3226,3
2585,3.4304,5
2586,4.0757,23
2587,1.6827,6
2588,2.7144,16
2589,2.8524,5
2590,1.6164,1
2591,2.0798,4
2592,2.6506,4
2593,2.1357,4
2594,1.8462,2
2595,2.2243,6
2596,2.2203,1
2597,2.1319,17
2598,1.7959,20
2599,1.8696,17
2600,2.8393,2
2601,1.7638,1
2602,1.8462,1
2603,1.3645,9
2604,2.2047,20
2605,3.1081,20
2606,1.3424,3
2607,1.8416,1
2608,2.6506,4
2609,2.339,14
2610,1.5283,23
2611,2.7107,20
2612,1.7444,12
2613,2.2203,0
2614,1.793,1
2615,2.5425,10
2616,1.8368,9
2617,2.0185,12
2618,2.8739,2
2619,1.7444,11
2620,1.7944,0
2621,1.8462,1
2622,2.8431,26
2623,3.5737,8
2624,2.4996,10
2625,1.7213,2
2626,3.1652,21
2627,3.1036,20
2628,2.8109,4
2629,1.7638,1
2630,1.7959,20
2631,2.3226,3
2632,0.9452,14
2633,1.6164,2
2634,3.3672,7
2635,1.3483,1
2636,1.6164,1
2637,3.5006,26
2638,2.5389,15
2639,2.7481,13
2640,1.9437,3
2641,1.8462,1
2642,2.7106,16
2643,1.7577,0
2644,2.2203,0
2645,2.8223,12
2646,2.6506,4
2647,1.7577,1
2648,2.0692,6
2649,1.2836,1
2650,2.7586,12
2651,1.8696,19
2652,2.4068,10
2653,1.7977,9
2654,2.5929,6
2655,3.0155,20
2656,2.5425,10
2657,3.1652,21
2658,1.7959,20
2659,1.7577,1
2660,2.9654,20
2661,3.5737,8
2662,2.7792,7
2663,1.6164,1
2664,1.7106,1
2665,1.9437,3
2666,1.7898,1
2667,2.7564,2
2668,2.1713,10
2669,1.6827,7
2670,1.8462,1
2671,3.0022,14
2672,2.5425,10
2673,2.2699,20
2674,2.7144,14
2675,3.0191,16
2676,2.6817,1
2677,2.7792,7
2678,2.5425,10
2679,1.9437,3
2680,3.1081,20
2681,4.4503,0
2682,0.8466,8
2683,2.3226,3
2684,2.8229,20
2685,1.7106,1
2686,1.4718,28
2687,1.8416,1
2688,2.2716,9
2689,1.5089,2
2690,1.8133,2
2691,3.2423,9
2692,1.3483,1
2693,1.6164,1
2694,2.6506,4
2695,3.2062,16
2696,4.188,24
2697,1.8696,19
2698,2.3049,13
2699,2.9172,4
2700,1.7959,20
2701,1.8416,2
2702,2.4493,8
2703,2.673,18
2704,1.7638,1
2705,1.8224,20
2706,2.7947,19
2707,2.3962,4
2708,2.5425,10
2709,2.1357,4
2710,3.0155,20
2711,1.6164,1
2712,2.2203,0
2713,1.6827,7
2714,2.2716,9
2715,2.0047,8
2716,1.8416,0
2717,1.7577,0
2718,2.2203,1
2719,1.8462,0
2720,3.5006,27
2721,2.3226,3
2722,1.538,22
2723,1.6164,1
2724,3.1128,22
2725,1.8416,1
2726,3.0781,2
2727,2.5312,19
2728,1.5517,0
2729,2.3226,4
2730,2.2873,9
2731,2.3226,4
2732,1.3055,13
2733,4.2477,2
2734,2.8284,13
2735,2.7599,4
2736,2.7792,8
2737,2.88,19
2738,1.9437,3
2739,2.6992,5
2740,2.2243,6
2741,3.679,21
2742,1.7959,20
2743,2.3226,3
2744,2.1357,3
2745,2.4562,25
2746,1.8724,13
2747,1.8462,1
2748,2.5425,10
2749,3.2847,9
2750,1.7383,6
2751,2.0295,8
2752,2.7442,6
2753,1.5283,23
2754,1.8462,0
2755,1.8416,1
2756,2.6154,24
2757,2.6817,1
2758,2.7947,19
2759,2.7106,16
2760,3.6489,23
2761,2.8819,23
2762,1.7383,7
2763,1.6164,2
2764,2.3226,4
2765,1.8724,13
2766,2.7038,11
2767,1.6827,7
2768,1.6827,7
2769,2.2716,9
2770,2.4496,19
2771,2.6285,2
2772,1.2836,1
2773,2.4806,20
2774,2.2203,0
2775,2.3132,16
2776,2.9172,5
2777,1.6164,2
2778,2.3172,13
2779,2.1465,13
2780,2.5988,4
2781,2.5354,28
2782,2.6132,4
2783,1.5653,21
2784,1.9597,9
2785,3.964,22
2786,2.6992,5
2787,3.1652,21
2788,3.1652,21
2789,2.7451,17
2790,2.4806,20
2791,1.7088,2
2792,2.8393,2
2793,2.7451,17
2794,2.8229,20
2795,2.5699,16
2796,1.7193,18
2797,2.071,4
2798,2.2203,1
2799,2.7481,13
2800,1.7444,12
2801,2.2203,0
2802,3.4459,20
2803,4.2431,3
2804,1.7898,1
2805,1.7383,7
2806,1.3483,1
2807,2.4022,3
2808,2.9172,5
2809,2.499,11
2810,2.5988,4
2811,1.9437,1
2812,2.673,18
2813,2.8267,15
2814,3.0462,18
2815,1.6827,7
2816,2.2203,0
2817,4.1653,1
2818,3.3878,10
2819,1.3483,1
2820,1.8462,1
2821,2.3821,10
2822,2.1162,0
2823,1.7977,9
2824,1.6827,6
2825,0.9452,14
2826,2.8431,26
2827,1.8696,19
2828,1.6909,6
2829,2.3226,4
2830,1.8922,1
2831,2.0185,12
2832,2.9314,8
2833,2.2243,6
2834,2.9172,5
2835,1.6827,7
2836,1.7383,6
2837,2.3226,2
2838,1.5089,2
2839,1.4718,28
2840,1.8376,20
2841,2.5425,10
2842,2.2203,1
2843,1.3483,1
2844,1.9391,12
2845,2.5872,27
2846,2.339,14
2847,2.6992,5
2848,2.7144,16
2849,2.574,2
2850,1.8318,22
2851,3.0781,2
2852,5.3245,6
2853,0.823,12
2854,1.7444,12
2855,2.2243,6
2856,1.7444,12
2857,2.4022,3
2858,1.3483,1
2859,2.0885,4
2860,2.9172,5
2861,1.7444,12
2862,2.8819,23
2863,1.3483,1
2864,1.7777,18
2865,1.8416,1
2866,2.3532,26
2867,1.5283,23
2868,2.0295,8
2869,1.9437,3
2870,3.5522,22
2871,2.7647,13
2872,1.5089,2
2873,2.7792,7
2874,4.9117,2
2875,2.6817,1
2876,2.2203,1
2877,2.7947,19
2878,1.1739,24
2879,2.495,2
2880,2.9172,5
2881,1.3483,1
2882,1.7444,12
2883,1.5089,2
2884,1.6164,1
2885,1.8462,0
2886,1.8455,9
2887,1.8696,19
2888,1.8416,1
2889,2.1671,2
2890,1.7638,1
2891,1.7638,1
2892,1.8416,1
2893,1.8462,1
2894,1.3483,0
2895,5.1101,5
2896,2.3226,3
2897,2.8686,14
2898,3.0155,24
2899,2.5078,26
2900,1.7577,0
2901,2.3663,1
2902,0.846,26
2903,1.6827,6
2904,1.7577,1
2905,2.4446,2
2906,1.7383,7
2907,3.2874,24
2908,1.8416,2
2909,2.9475,15
2910,2.529,24
2911,0.846,26
2912,1.17,28
2913,2.88,24
2914,2.071,4
2915,1.7959,20
2916,1.7444,12
2917,2.3968,1
2918,1.5089,2
2919,2.7792,8
2920,2.0179,2
2921,2.7389,13
2922,2.2875,16
2923,2.1357,3
2924,1.6164,2
2925,2.7916,3
2926,1.1831,15
2927,3.019,21
2928,2.6506,4
2929,2.1453,22
2930,2.1404,10
2931,2.2203,1
2932,2.5699,16
2933,2.1685,0
2934,1.8416,1
2935,2.7481,13
2936,2.6127,16
2937,2.6506,4
2938,2.6331,7
2939,1.8291,9
2940,2.2203,0
2941,2.5078,26
2942,2.8613,2
2943,2.812,13
2944,1.7638,1
2945,1.3471,9
2946,1.6827,6
2947,2.7792,7
2948,4.9117,2
2949,2.8819,23
2950,2.2243,6
2951,3.5777,28
2952,2.1506,14
2953,1.7884,2
2954,2.4952,1
2955,5.0522,4
2956,2.7431,5
2957,1.7444,12
2958,2.5051,13
2959,1.7444,12
2960,2.6817,1
2961,2.6817,1
2962,2.6116,14
2963,2.673,18
2964,1.6827,6
2965,1.7444,11
2966,3.4304,5
2967,1.7638,1
2968,2.2203,1
2969,2.2899,12
2970,1.7638,1
2971,1.8724,13
2972,2.7481,13
2973,5.3245,6
2974,1.6164,1
2975,1.7383,7
2976,2.7144,16
2977,1.8462,0
2978,2.1713,10
2979,1.8416,1
2980,2.6506,5
2981,2.6817,1
2982,1.7383,7
2983,2.88,19
2984,1.8696,17
2985,3.964,22
2986,1.7444,11
2987,2.2441,9
2988,2.7481,13
2989,3.0781,2
2990,2.4446,2
2991,2.3702,12
2992,1.7638,1
2993,1.1505,11
2994,2.812,13
2995,2.8144,21
2996,1.8922,1
2997,1.7383,7
2998,1.8696,20
2999,2.0047,8
3000,2.8267,15
3001,3.5733,26
3002,2.8819,24
3003,3.4696,27
3004,1.8416,1
3005,1.6827,7
3006,2.4463,20
3007,2.0721,4
3008,2.2561,3
3009,2.0225,8
3010,2.6992,5
3011,2.7792,8
3012,2.0185,12
3013,1.6909,6
3014,1.7959,20
3015,1.1831,15
3016,2.4037,0
3017,2.6506,4
3018,2.8431,4
3019,2.2536,20
3020,2.9172,5
3021,3.0781,2
3022,3.1652,20
3023,2.1483,17
3024,2.4996,10
3025,2.8819,24
3026,4.4503,0
3027,1.7219,2
3028,2.7792,7
3029,2.6762,7
3030,2.6506,4
3031,2.7647,13
3032,1.1213,21
3033,1.9597,9
3034,1.8291,9
3035,2.4515,1
3036,2.3132,16
3037,2.1417,2
3038,2.339,14
3039,1.7444,12
3040,3.6464,10
3041,1.7383,6
3042,3.1611,22
3043,2.3132,16
3044,1.9437,3
3045,1.466,24
3046,2.3226,3
3047,3.0781,2
3048,1.8416,1
3049,3.3351,9
3050,2.2625,17
3051,2.0185,12
3052,2.8686,14
3053,2.6817,2
3054,1.8368,9
3055,2.3226,3
3056,3.8092,16
3057,2.2243,6
3058,3.8092,16
3059,3.4459,20
3060,1.8922,1
3061,3.0781,2
3062,2.3226,3
3063,2.4174,12
3064,1.7638,1
3065,3.5956,5
3066,2.3226,3
3067,1.9415,9
3068,1.8376,20
3069,4.0716,1
3070,1.9946,1
3071,2.1357,4
3072,1.8922,1
3073,2.0689,26
3074,5.9191,7
3075,2.5312,19
3076,3.019,21
3077,1.715,2
3078,2.6375,4
3079,2.4332,13
3080,0.8494,22
3081,3.4459,20
3082,2.2203,0
3083,2.0185,12
3084,1.9415,9
3085,1.6164,1
3086,1.6164,2
3087,2.5425,10
3088,1.8416,2
3089,1.6827,7
3090,1.7444,12
3091,1.8922,1
3092,2.2203,1
3093,2.9172,5
3094,2.6212,23
3095,2.4952,1
3096,1.7898,1
3097,2.9437,24
3098,2.1357,4
3099,3.4421,20
3100,2.339,13
3101,2.7792,7
3102,2.3775,3
3103,2.339,14
3104,1.8416,1
3105,2.6506,4
3106,2.9172,5
3107,1.4947,5
3108,2.673,18
3109,1.2836,1
3110,2.8819,23
3111,1.7577,1
3112,2.3226,3
3113,2.2203,1
3114,1.5089,2
3115,2.6299,1
3116,2.5975,10
3117,1.8416,2
3118,1.8416,1
3119,2.5425,10
3120,1.6827,7
3121,2.2579,3
3122,2.3226,3
3123,3.4096,1
3124,2.2028,3
3125,1.9437,3
3126,1.7638,1
3127,1.6164,1
3128,1.7577,0
3129,0.9456,25
3130,2.3226,4
3131,3.8092,16
3132,2.7903,28
3133,1.7638,1
3134,3.1221,2
3135,2.3226,3
3136,2.625,2
3137,1.7444,12
3138,1.7777,18
3139,2.3821,10
3140,1.3483,1
3141,1.9415,9
3142,2.7481,13
3143,2.9172,6
3144,1.9415,9
3145,2.6817,2
3146,1.9437,2
3147,3.8092,16
3148,2.6884,14
3149,2.673,18
3150,1.8922,1
3151,1.3055,13
3152,2.4952,1
3153,2.2873,9
3154,2.8505,13
3155,1.5089,2
3156,2.6884,14
3157,2.5464,23
3158,2.6506,4
3159,3.0447,21
3160,3.0022,14
3161,1.8922,1
3162,1.7383,7
3163,1.137,31
3164,2.5425,10
3165,2.6817,1
3166,1.7444,12
3167,2.339,14
3168,2.243,24
3169,2.8284,13
3170,1.7977,9
3171,2.2243,6
3172,4.0716,1
3173,1.7638,0
3174,1.6369,3
3175,1.8462,2
3176,1.8416,1
3177,1.5089,2
3178,2.7792,7
3179,1.3483,1
3180,2.6817,1
3181,2.6817,1
3182,2.2203,0
3183,2.6817,2
3184,1.7444,12
3185,1.3483,1
3186,2.1357,4
3187,2.7481,12
3188,2.7202,17
3189,2.6884,14
3190,2.3968,1
3191,4.4038,17
3192,2.812,14
3193,2.3226,2
3194,3.5441,3
3195,1.6909,6
3196,2.339,14
3197,2.3226,3
3198,2.7389,13
3199,1.8724,13
3200,2.8419,21
3201,2.8576,21
3202,3.2176,9
3203,1.8416,1
3204,2.8686,14
3205,3.2537,19
3206,1.7638,1
3207,2.1357,4
3208,2.1357,3
3209,2.1357,3
3210,2.4996,10
3211,1.7444,12
3212,1.8376,20
3213,2.8667,23
3214,3.2847,9
3215,3.0941,23
3216,2.3775,3
3217,1.7959,20
3218,2.7481,13
3219,1.7638,1
3220,2.2625,17
3221,2.7389,13
3222,3.9741,23
3223,3.1427,15
3224,2.2863,13
3225,2.2561,3
3226,2.7481,13
3227,2.2873,9
3228,2.8739,2
3229,2.3226,4
3230,2.827,20
3231,2.7038,11
3232,1.3483,1
3233,1.1619,14
3234,4.9232,4
3235,2.6992,5
3236,2.1357,4
3237,2.339,14
3238,1.8416,1
3239,3.1611,21
3240,1.8416,1
3241,2.2047,20
3242,2.6506,4
3243,1.9391,12
3244,1.7997,12
3245,5.9191,7
3246,2.4504,24
3247,2.0185,12
3248,0.9456,25
3249,3.5733,26
3250,1.7213,2
3251,4.1653,1
3252,2.4515,1
3253,2.6817,2
3254,2.6506,4
3255,2.8431,26
3256,2.1713,10
3257,2.1357,4
3258,3.5393,10
3259,3.1128,22
3260,2.2243,6
3261,2.88,24
3262,2.88,24
3263,1.7444,12
3264,2.9172,3
3265,3.1025,14
3266,2.0403,15
3267,3.0941,23
3268,2.8613,2
3269,2.2203,0
3270,1.8416,2
3271,3.4096,1
3272,3.0022,14
3273,2.9437,24
3274,1.8462,1
