ItemID,Judge_Resp.rt,Correct,participant,group
2,1.5826319,0,1,bl
9,1.9317673,1,1,bl
3,NA,None,1,bl
12,3.9302659,1,1,bl
4,0.5909845,0,1,bl
20,1.7897209,1,1,bl
21,1.2936203,1,1,bl
1,2.7976855,0,1,bl
7,NA,None,1,bl
5,2.1164611,1,1,bl
22,1.6705507,0,1,bl
25,0.8118281,1,1,bl
6,2.709806,1,1,bl
24,1.6018352,1,1,bl
11,2.7604094,1,1,bl
10,0.5151484,1,1,bl
18,3.1136761,0,1,bl
13,NA,None,1,bl
14,1.5750262,0,1,bl
23,2.5776046,1,1,bl
19,2.4090689,1,1,bl
28,3.0884417,1,1,bl
8,1.0225336,0,1,bl
29,2.6711572,0,1,bl
17,1.8744608,0,1,bl
30,1.3646186,1,1,bl
16,1.1790509,1,1,bl
27,0.4991603,0,1,bl
15,0.9510106,0,1,bl
26,0.5996807,0,1,bl
7,2.1199605,0,10,sm
29,3.0075355,0,10,sm
24,2.4428605,1,10,sm
23,0.6475473,1,10,sm
12,2.4935049,0,10,sm
25,0.7488954,0,10,sm
10,0.5814655,1,10,sm
8,1.8849639,0,10,sm
9,1.116098,1,10,sm
1,2.2979442,0,10,sm
13,1.7699155,1,10,sm
27,2.3974516,0,10,sm
30,0.5754552,1,10,sm
16,2.7108495,1,10,sm
15,2.3914514,0,10,sm
22,1.265004,0,10,sm
5,2.2699745,0,10,sm
28,2.0600813,0,10,sm
3,1.6408975,1,10,sm
19,2.2200791,0,10,sm
18,1.7489202,0,10,sm
6,1.3668946,1,10,sm
26,1.3368958,1,10,sm
20,1.2515553,1,10,sm
21,0.7100904,1,10,sm
14,2.2834836,1,10,sm
17,1.2914469,1,10,sm
11,1.8415515,1,10,sm
4,2.1495897,0,10,sm
2,0.6829046,1,10,sm
29,2.1940801,0,11,sm
19,3.7267225,0,11,sm
1,1.9927111,1,11,sm
5,3.1268273,1,11,sm
6,2.2200061,0,11,sm
12,3.204884,1,11,sm
22,NA,None,11,sm
23,2.5253037,0,11,sm
18,3.4900647,0,11,sm
2,3.1127755,1,11,sm
3,3.2800662,0,11,sm
11,2.3519512,1,11,sm
25,1.1659123,0,11,sm
26,3.1632884,0,11,sm
10,2.5640234,0,11,sm
21,1.9712792,1,11,sm
14,2.4607333,1,11,sm
15,3.2154106,1,11,sm
17,2.812776,1,11,sm
13,NA,None,11,sm
24,1.7759349,1,11,sm
9,1.6654083,0,11,sm
4,2.255447,1,11,sm
20,2.4008231,1,11,sm
30,2.3400198,1,11,sm
8,2.3473971,1,11,sm
27,3.3693886,0,11,sm
16,2.9160422,0,11,sm
7,1.2147461,1,11,sm
28,1.4669029,1,11,sm
1,0.6243215,1,12,bl
26,1.5235139,0,12,bl
24,2.0490216,1,12,bl
6,1.3690447,1,12,bl
18,1.0270006,1,12,bl
22,1.4670057,1,12,bl
2,0.8042489,1,12,bl
7,0.7311174,0,12,bl
10,1.7131263,1,12,bl
11,0.6834004,1,12,bl
25,0.6482498,0,12,bl
23,1.0681966,1,12,bl
12,0.5889383,0,12,bl
30,0.5435411,1,12,bl
15,0.3762813,1,12,bl
8,0.4691058,1,12,bl
3,0.6643139,0,12,bl
13,1.8333094,0,12,bl
29,0.5855037,0,12,bl
17,0.4409509,0,12,bl
14,0.4342598,1,12,bl
27,0.6354898,0,12,bl
20,0.5975878,0,12,bl
4,1.2222832,1,12,bl
19,0.6033952,1,12,bl
9,0.4063335,0,12,bl
21,1.4475037,1,12,bl
5,0.5581891,1,12,bl
16,0.3531085,1,12,bl
28,0.6602694,0,12,bl
9,1.1744399,0,13,bl
16,0.7644648,0,13,bl
26,0.6336677,1,13,bl
5,2.1295799,1,13,bl
23,0.665598,1,13,bl
1,1.6651051,1,13,bl
17,1.3636074,0,13,bl
14,0.8784283,1,13,bl
27,0.8263337,1,13,bl
24,0.7496851,0,13,bl
30,2.7577415,1,13,bl
4,1.6894506,0,13,bl
21,0.6656016,1,13,bl
13,0.5350912,0,13,bl
28,3.9645203,0,13,bl
2,2.5404376,1,13,bl
15,0.9965411,1,13,bl
8,NA,None,13,bl
7,2.277709,1,13,bl
3,0.9156965,1,13,bl
10,1.7623854,1,13,bl
11,0.9862578,1,13,bl
29,1.3735552,0,13,bl
6,2.9112135,0,13,bl
19,3.0330672,1,13,bl
12,NA,None,13,bl
22,2.0796683,1,13,bl
20,2.3676736,1,13,bl
18,0.8723857,1,13,bl
25,0.6257043,0,13,bl
1,1.7710644,0,14,sm
6,2.6356129,1,14,sm
7,1.1918407,1,14,sm
21,3.0796948,1,14,sm
25,3.1955922,1,14,sm
11,2.6582222,0,14,sm
28,2.4881852,0,14,sm
16,3.5837256,1,14,sm
20,3.4337924,0,14,sm
24,2.8862633,0,14,sm
3,2.8600915,0,14,sm
19,3.3217277,0,14,sm
10,2.1150615,1,14,sm
2,2.0271126,1,14,sm
5,2.494231,0,14,sm
23,3.0276873,1,14,sm
29,0.7657588,0,14,sm
13,2.2057427,1,14,sm
14,2.005773,1,14,sm
4,1.7291184,0,14,sm
18,2.5311514,1,14,sm
15,1.6658547,1,14,sm
9,2.3963451,0,14,sm
17,3.3503368,1,14,sm
8,0.6191405,1,14,sm
27,2.3843158,1,14,sm
22,2.2917077,0,14,sm
12,0.4191229,0,14,sm
30,1.2698209,1,14,sm
26,1.2817344,0,14,sm
1,2.2041239,0,15,sm
8,1.7232641,1,15,sm
27,1.9107001,1,15,sm
25,3.7108653,1,15,sm
24,1.453299,1,15,sm
10,1.2572818,1,15,sm
3,3.4873511,0,15,sm
19,3.4172101,1,15,sm
20,0.9207766,1,15,sm
14,3.9120153,1,15,sm
7,2.455797,0,15,sm
15,3.3714516,0,15,sm
26,2.1086384,0,15,sm
22,0.7732685,0,15,sm
4,2.0540323,1,15,sm
28,0.5502419,1,15,sm
13,0.8900736,0,15,sm
16,0.4986588,1,15,sm
9,3.0281041,0,15,sm
29,1.5966767,0,15,sm
5,NA,None,15,sm
23,2.9851772,1,15,sm
2,2.6186046,1,15,sm
17,2.3240729,1,15,sm
30,2.3080849,1,15,sm
18,2.2640086,0,15,sm
11,2.7599416,1,15,sm
6,3.0340161,0,15,sm
21,0.7913661,1,15,sm
12,0.6220741,0,15,sm
19,1.9204958,0,17,sm
11,0.9003382,1,17,sm
13,0.7056988,1,17,sm
18,2.2384635,1,17,sm
22,1.9833916,0,17,sm
15,1.9952359,1,17,sm
23,1.8833462,0,17,sm
6,0.7867048,1,17,sm
25,2.9225752,1,17,sm
26,1.226638,0,17,sm
21,2.7625625,1,17,sm
30,1.1586481,0,17,sm
14,1.7023909,1,17,sm
1,0.5625444,0,17,sm
2,1.6399395,1,17,sm
20,2.8545556,1,17,sm
4,1.8978046,0,17,sm
7,2.0250673,1,17,sm
12,2.983699,1,17,sm
27,1.6784904,0,17,sm
24,NA,None,17,sm
17,1.6356921,1,17,sm
10,2.0535608,0,17,sm
8,1.1219858,0,17,sm
3,0.6384991,1,17,sm
9,1.5090552,0,17,sm
28,2.7646959,0,17,sm
5,1.9245444,1,17,sm
16,3.3131599,0,17,sm
29,3.4565223,0,17,sm
14,0.5685935,1,18,sm
5,0.4793851,0,18,sm
22,1.2952632,0,18,sm
6,1.6924792,1,18,sm
23,0.4633466,1,18,sm
11,1.1718718,0,18,sm
18,0.5025435,1,18,sm
28,3.0920219,1,18,sm
10,1.930169,1,18,sm
3,0.3512831,0,18,sm
20,0.3213635,1,18,sm
1,0.9265387,1,18,sm
9,2.6322764,0,18,sm
29,1.2260259,0,18,sm
12,1.1102323,0,18,sm
4,0.3545118,0,18,sm
8,1.0403088,0,18,sm
2,0.0845613,1,18,sm
17,0.4494044,0,18,sm
19,0.4193467,0,18,sm
26,0.3293635,1,18,sm
25,0.6205405,0,18,sm
13,0.1973371,0,18,sm
21,0.8061853,0,18,sm
24,1.8807064,0,18,sm
30,0.2198732,0,18,sm
16,1.3860331,1,18,sm
15,1.137083,0,18,sm
27,0.1147212,1,18,sm
7,0.2973086,1,18,sm
8,0.2049517,0,19,bl
18,0.4224664,0,19,bl
27,0.5699389,1,19,bl
6,0.3944617,0,19,bl
29,0.7933791,1,19,bl
22,0.4552,0,19,bl
30,0.5011572,0,19,bl
25,0.3233063,1,19,bl
23,0.4517227,0,19,bl
9,0.3251968,1,19,bl
16,0.3403255,1,19,bl
4,0.4211784,0,19,bl
2,0.3184888,0,19,bl
3,0.6599321,1,19,bl
12,0.6823895,0,19,bl
14,0.2758107,0,19,bl
15,0.1922746,0,19,bl
24,0.3840848,0,19,bl
1,0.6392248,0,19,bl
20,0.5005464,0,19,bl
10,0.6612389,0,19,bl
11,0.4722973,0,19,bl
28,0.2599994,0,19,bl
17,1.0576598,1,19,bl
21,0.8190733,0,19,bl
26,0.5099515,0,19,bl
19,0.4844713,0,19,bl
5,0.6638352,0,19,bl
13,0.7771911,1,19,bl
7,1.1277446,1,19,bl
28,1.3674915,1,2,sm
7,1.0582184,0,2,sm
2,0.6429013,1,2,sm
16,0.8214069,0,2,sm
10,0.7980322,1,2,sm
11,0.8935374,0,2,sm
21,1.098918,0,2,sm
23,0.6655091,0,2,sm
24,0.4028656,0,2,sm
8,1.280867,1,2,sm
9,1.4102204,1,2,sm
25,1.5442855,1,2,sm
27,0.6061898,1,2,sm
22,0.3154439,1,2,sm
13,2.1169774,0,2,sm
18,0.3834718,0,2,sm
4,0.3181568,0,2,sm
6,0.5991461,0,2,sm
19,0.968313,1,2,sm
20,0.3853215,0,2,sm
30,0.3514221,0,2,sm
1,0.7280713,0,2,sm
12,0.2338252,1,2,sm
15,0.2955382,0,2,sm
5,0.3402104,0,2,sm
14,0.4620617,1,2,sm
3,0.3015487,1,2,sm
26,0.7401459,0,2,sm
29,0.2888468,1,2,sm
17,0.6316311,0,2,sm
29,1.2432601,0,20,sm
16,2.8313432,1,20,sm
9,3.8639682,1,20,sm
19,0.4119517,0,20,sm
28,2.8232249,0,20,sm
6,0.9362108,1,20,sm
1,0.4058029,0,20,sm
13,1.540317,0,20,sm
23,1.4903758,1,20,sm
27,0.3292794,0,20,sm
22,1.3202282,1,20,sm
25,0.8920214,1,20,sm
3,1.8098904,1,20,sm
17,1.264501,0,20,sm
15,1.7313009,0,20,sm
24,0.313848,0,20,sm
4,0.3433124,0,20,sm
12,1.2164999,1,20,sm
10,0.9080026,1,20,sm
14,2.6363297,1,20,sm
7,0.6054788,0,20,sm
18,0.864097,1,20,sm
2,2.2641552,1,20,sm
11,0.6199703,1,20,sm
8,0.5913253,1,20,sm
20,0.7578522,1,20,sm
21,2.0721705,1,20,sm
30,2.2140716,1,20,sm
26,1.8155053,0,20,sm
5,0.9078552,1,20,sm
5,0.8234533,1,21,sm
3,0.4527685,1,21,sm
6,1.0589314,1,21,sm
30,1.689596,0,21,sm
22,2.2216117,1,21,sm
17,3.1275956,0,21,sm
7,2.1380825,1,21,sm
29,NA,None,21,sm
26,0.6702101,1,21,sm
24,0.7644393,0,21,sm
10,0.7623363,1,21,sm
4,1.0425719,1,21,sm
16,1.5062958,0,21,sm
11,1.1425031,1,21,sm
25,0.3262727,0,21,sm
18,2.0406787,1,21,sm
19,2.2256224,1,21,sm
13,1.400481,0,21,sm
20,2.6459178,0,21,sm
28,1.7807168,1,21,sm
12,0.729525,0,21,sm
9,0.790281,1,21,sm
8,1.2988912,1,21,sm
1,0.9145015,1,21,sm
23,1.9546374,1,21,sm
27,0.8106142,0,21,sm
14,1.3043486,1,21,sm
15,0.389478,0,21,sm
2,0.5683126,1,21,sm
21,0.4934639,1,21,sm
13,2.558974,1,22,bl
7,1.2071567,0,22,bl
20,0.8978481,0,22,bl
17,0.395201,1,22,bl
16,2.5922441,1,22,bl
5,2.5944963,0,22,bl
22,2.129153,1,22,bl
12,2.6992769,0,22,bl
15,1.6097045,1,22,bl
30,2.5313436,0,22,bl
6,2.9571749,0,22,bl
2,2.1656411,0,22,bl
18,3.6099329,0,22,bl
11,1.6394246,0,22,bl
4,2.3424301,0,22,bl
25,NA,None,22,bl
10,0.8133691,0,22,bl
3,0.8251266,0,22,bl
14,0.7351352,0,22,bl
29,0.235629,0,22,bl
28,0.8235528,1,22,bl
9,1.2410694,0,22,bl
21,3.1571626,0,22,bl
24,2.2105562,0,22,bl
27,1.9771966,1,22,bl
19,0.7675858,1,22,bl
23,1.2034466,1,22,bl
26,0.7767895,0,22,bl
1,2.4585194,0,22,bl
8,0.5698273,0,22,bl
14,0.8239517,0,23,bl
18,0.4884958,0,23,bl
6,0.5442529,0,23,bl
7,0.7972529,0,23,bl
26,0.5133528,0,23,bl
5,1.6205218,0,23,bl
24,1.0613893,0,23,bl
27,0.4080394,1,23,bl
20,0.4665351,0,23,bl
17,0.4819654,1,23,bl
29,0.4100912,1,23,bl
13,0.4360418,1,23,bl
8,0.3393903,0,23,bl
22,0.3613682,0,23,bl
10,0.316805,0,23,bl
4,0.3365355,0,23,bl
16,0.4046107,1,23,bl
23,0.3712687,0,23,bl
9,0.4040023,1,23,bl
15,0.4034146,0,23,bl
30,0.3019842,0,23,bl
2,0.4224407,0,23,bl
11,0.2760798,0,23,bl
28,0.3045705,0,23,bl
19,0.2642412,0,23,bl
12,0.4622338,0,23,bl
3,0.3346492,1,23,bl
1,0.3606769,0,23,bl
21,0.2733784,0,23,bl
25,0.2865459,1,23,bl
7,NA,None,24,sm
12,1.4218275,0,24,sm
4,1.0487359,0,24,sm
2,1.1458706,1,24,sm
15,0.847907,0,24,sm
26,0.751566,1,24,sm
28,0.9008466,1,24,sm
5,1.8794545,1,24,sm
19,0.5818678,1,24,sm
13,1.6495891,0,24,sm
9,1.9294656,1,24,sm
14,1.5174947,0,24,sm
1,2.0199115,0,24,sm
25,1.2579635,0,24,sm
8,2.5288178,0,24,sm
30,1.9742044,1,24,sm
11,2.4838164,0,24,sm
17,2.8094719,0,24,sm
29,0.6368376,0,24,sm
16,2.1154924,0,24,sm
3,2.4223928,0,24,sm
20,2.9718807,1,24,sm
10,2.956871,1,24,sm
22,3.5039316,0,24,sm
23,2.6435473,1,24,sm
27,1.8908577,0,24,sm
6,2.661917,0,24,sm
24,2.7698375,0,24,sm
21,2.7694914,0,24,sm
18,1.5858367,0,24,sm
2,1.0474602,0,25,sm
29,0.9112989,0,25,sm
17,0.8429582,0,25,sm
5,0.9400552,1,25,sm
19,0.7114672,1,25,sm
10,1.0248837,0,25,sm
4,0.5740548,0,25,sm
25,0.4313024,0,25,sm
7,1.6662858,0,25,sm
18,0.7033019,1,25,sm
26,0.7573695,1,25,sm
14,0.7489244,1,25,sm
3,1.5409417,1,25,sm
23,1.7595587,1,25,sm
6,1.1689727,1,25,sm
28,0.6781508,1,25,sm
8,1.8567532,0,25,sm
12,2.0341126,1,25,sm
27,0.6604427,0,25,sm
15,0.4939038,1,25,sm
11,0.5661813,1,25,sm
13,2.3989467,1,25,sm
24,0.5641836,0,25,sm
21,1.7150164,1,25,sm
9,1.8542043,1,25,sm
1,1.1215147,1,25,sm
16,1.7113686,1,25,sm
20,1.4929551,1,25,sm
22,1.5059538,0,25,sm
30,1.9630474,0,25,sm
8,2.0879792,0,26,bl
19,2.3712388,0,26,bl
5,1.8639535,0,26,bl
9,2.4632905,1,26,bl
3,1.7661287,1,26,bl
21,1.9931331,0,26,bl
17,1.7113862,1,26,bl
18,2.4184704,0,26,bl
10,2.0359795,0,26,bl
25,3.032508,1,26,bl
11,2.7799811,0,26,bl
1,2.3133985,0,26,bl
26,1.6175919,0,26,bl
2,3.1124183,0,26,bl
28,1.7087999,0,26,bl
22,1.5700781,0,26,bl
20,2.5173439,0,26,bl
6,1.6804112,0,26,bl
29,2.6093722,1,26,bl
16,1.8620314,1,26,bl
30,2.5184205,0,26,bl
13,1.325935,1,26,bl
14,1.3006127,0,26,bl
24,1.9503414,0,26,bl
4,1.4055221,0,26,bl
23,2.2719649,0,26,bl
27,0.9981498,1,26,bl
12,2.3174406,0,26,bl
7,1.9684308,0,26,bl
15,1.7107207,0,26,bl
8,1.2444518,1,27,bl
29,1.7477448,1,27,bl
27,2.1499543,0,27,bl
25,1.1965515,0,27,bl
9,1.9813619,1,27,bl
21,1.9232761,1,27,bl
10,2.1043445,0,27,bl
28,1.6764993,0,27,bl
15,2.3591551,1,27,bl
11,1.2144981,1,27,bl
19,0.859305,0,27,bl
12,2.2683177,0,27,bl
3,2.9344232,1,27,bl
1,3.6250736,1,27,bl
24,1.0455793,0,27,bl
23,2.9531851,1,27,bl
18,3.1243591,0,27,bl
4,2.241517,0,27,bl
26,3.7835123,1,27,bl
16,0.8915907,1,27,bl
13,1.5551231,1,27,bl
6,0.8471458,0,27,bl
17,1.86573,0,27,bl
30,3.5797656,0,27,bl
22,3.148677,0,27,bl
7,2.7892262,1,27,bl
20,3.7733428,1,27,bl
5,2.8744964,1,27,bl
14,3.2085087,1,27,bl
2,1.2117386,1,27,bl
12,2.2374622,0,28,sm
20,2.2822337,1,28,sm
5,3.1728921,1,28,sm
8,0.9481745,0,28,sm
3,3.6029928,0,28,sm
11,NA,None,28,sm
18,1.2255651,1,28,sm
30,1.1774648,1,28,sm
1,0.5462994,1,28,sm
7,3.1770527,1,28,sm
10,0.4290046,1,28,sm
29,1.6657354,0,28,sm
19,1.0450409,0,28,sm
24,0.6114617,1,28,sm
17,1.5504961,0,28,sm
16,0.4623405,0,28,sm
2,1.1370089,1,28,sm
14,2.1689567,0,28,sm
15,2.8435561,1,28,sm
21,2.9035885,0,28,sm
4,0.3990704,0,28,sm
22,1.190985,1,28,sm
6,1.9396392,1,28,sm
9,1.1789283,0,28,sm
26,2.816525,1,28,sm
28,1.8401491,1,28,sm
23,0.595466,1,28,sm
27,0.5770336,0,28,sm
25,2.2630082,0,28,sm
13,0.8216117,0,28,sm
27,1.181829,0,29,sm
25,3.5536571,1,29,sm
9,3.7521087,1,29,sm
23,2.8870453,0,29,sm
6,1.6041361,1,29,sm
12,2.2649405,0,29,sm
11,3.4022666,1,29,sm
20,2.8536191,1,29,sm
3,2.8718552,0,29,sm
7,2.8318847,1,29,sm
30,2.5998002,1,29,sm
18,NA,None,29,sm
1,0.760048,0,29,sm
26,1.0416725,1,29,sm
2,1.985205,0,29,sm
4,1.9377569,0,29,sm
5,1.9659828,0,29,sm
13,2.4752306,0,29,sm
16,2.4109674,1,29,sm
10,1.4622438,1,29,sm
29,1.8313176,1,29,sm
28,1.4042132,1,29,sm
21,1.5959273,0,29,sm
15,0.9536755,0,29,sm
17,1.9177476,1,29,sm
19,1.4136344,0,29,sm
14,1.2896781,0,29,sm
22,1.0768758,1,29,sm
24,1.5618115,1,29,sm
8,2.1792398,0,29,sm
8,0.4842001,1,3,sm
9,2.4341271,1,3,sm
3,0.5657677,1,3,sm
15,0.0810484,0,3,sm
5,0.7957404,1,3,sm
20,0.9902484,0,3,sm
28,0.983705,0,3,sm
2,2.0589523,0,3,sm
10,1.9529276,1,3,sm
16,1.0861854,1,3,sm
29,0.3390837,1,3,sm
12,0.989756,0,3,sm
4,1.5441472,0,3,sm
24,0.1456394,0,3,sm
18,1.4251794,0,3,sm
19,0.8643153,0,3,sm
26,0.7839514,1,3,sm
21,3.107026,1,3,sm
23,3.5570342,1,3,sm
13,1.6337881,1,3,sm
14,1.6276549,1,3,sm
22,1.6095932,1,3,sm
1,2.0957252,0,3,sm
25,0.4871591,1,3,sm
11,0.5441844,1,3,sm
27,1.5390862,1,3,sm
6,2.4510465,1,3,sm
17,3.2350151,1,3,sm
7,0.8911485,0,3,sm
30,2.9984107,0,3,sm
12,1.725492,0,30,bl
25,1.3063291,0,30,bl
28,0.8089104,1,30,bl
9,1.7646294,0,30,bl
11,0.4635278,1,30,bl
30,0.7687883,0,30,bl
29,1.6623305,0,30,bl
19,1.1423154,0,30,bl
18,0.9623461,0,30,bl
5,1.0349239,0,30,bl
22,0.5648756,0,30,bl
20,1.0703358,0,30,bl
17,1.2068812,1,30,bl
27,1.9849829,0,30,bl
24,1.4696146,0,30,bl
8,1.4903403,1,30,bl
1,0.5628515,0,30,bl
14,0.4796242,0,30,bl
23,0.8518253,0,30,bl
3,0.842364,1,30,bl
16,1.1490017,1,30,bl
15,1.4268824,1,30,bl
2,1.7403808,0,30,bl
7,0.4174467,0,30,bl
21,1.08034,1,30,bl
13,1.9196622,0,30,bl
6,2.8904492,1,30,bl
26,3.1054239,0,30,bl
4,0.3569087,0,30,bl
10,1.1215895,0,30,bl
14,0.9343303,0,31,bl
13,0.479004,0,31,bl
9,0.4063808,0,31,bl
15,1.0883082,0,31,bl
1,0.3950329,0,31,bl
23,0.5726715,1,31,bl
17,0.8634047,1,31,bl
6,0.5396639,1,31,bl
10,1.5255604,1,31,bl
25,1.2416704,0,31,bl
19,1.3422387,1,31,bl
21,1.4408367,1,31,bl
8,0.9803498,1,31,bl
30,1.049138,1,31,bl
27,0.957487,0,31,bl
22,1.0954534,0,31,bl
4,0.9354071,1,31,bl
29,0.6748383,0,31,bl
24,1.0634974,1,31,bl
7,0.4554619,1,31,bl
12,0.806428,1,31,bl
3,0.4832459,0,31,bl
16,0.4775769,1,31,bl
26,0.4005261,1,31,bl
20,0.7521822,0,31,bl
11,0.717319,1,31,bl
2,1.3375279,1,31,bl
18,0.616893,0,31,bl
5,0.4582942,0,31,bl
28,0.8868977,1,31,bl
17,0.6136895,0,32,sm
12,0.6619824,0,32,sm
16,0.6598756,1,32,sm
22,2.3896506,1,32,sm
19,0.5480319,1,32,sm
9,0.4856211,1,32,sm
15,0.4109506,0,32,sm
13,0.6869687,1,32,sm
14,0.9839563,0,32,sm
23,1.8739556,1,32,sm
3,1.4150354,1,32,sm
18,2.2909849,0,32,sm
29,2.1280747,0,32,sm
10,1.8029705,1,32,sm
4,0.7860684,0,32,sm
28,0.6382467,0,32,sm
7,1.0389897,0,32,sm
5,0.4389994,0,32,sm
26,0.3719925,1,32,sm
8,1.4316741,0,32,sm
1,0.5120855,1,32,sm
21,0.4969719,1,32,sm
27,1.409572,1,32,sm
6,0.4851473,0,32,sm
25,0.8196699,0,32,sm
11,0.5980342,1,32,sm
24,1.039686,0,32,sm
20,1.3199886,1,32,sm
2,1.2935722,1,32,sm
30,2.0616852,0,32,sm
1,1.3017956,0,33,sm
7,1.4665933,1,33,sm
20,1.4629171,1,33,sm
15,1.3177931,0,33,sm
14,1.0427068,1,33,sm
21,1.9223321,0,33,sm
11,2.6528863,0,33,sm
16,1.7782404,0,33,sm
30,1.66232,1,33,sm
9,2.9677705,1,33,sm
3,3.73955,1,33,sm
25,0.4945642,1,33,sm
24,0.8268662,1,33,sm
13,1.6129356,0,33,sm
4,3.1422654,0,33,sm
18,1.3824659,1,33,sm
28,1.4509154,1,33,sm
22,2.9326307,1,33,sm
23,0.7949469,1,33,sm
8,3.0275665,1,33,sm
2,3.3088563,1,33,sm
10,1.4796704,1,33,sm
26,2.0168652,0,33,sm
27,1.5457436,0,33,sm
5,NA,None,33,sm
6,3.0603639,1,33,sm
17,2.0215789,1,33,sm
19,1.6095839,0,33,sm
12,3.5575156,0,33,sm
29,3.4865075,1,33,sm
27,0.5150555,0,35,bl
26,0.4054441,0,35,bl
24,0.5443934,1,35,bl
16,0.4634916,1,35,bl
12,0.3534705,0,35,bl
8,0.3563539,0,35,bl
22,0.3704282,0,35,bl
23,0.3056412,1,35,bl
17,0.3312003,0,35,bl
15,0.4291221,1,35,bl
18,0.8312396,0,35,bl
10,1.2428973,0,35,bl
11,0.3522278,1,35,bl
29,0.9994008,0,35,bl
28,1.1591871,1,35,bl
30,0.4291111,1,35,bl
1,0.4470525,0,35,bl
5,0.5515006,1,35,bl
14,0.3730181,1,35,bl
25,0.3854374,0,35,bl
20,0.3734588,1,35,bl
4,0.3542908,1,35,bl
19,0.3502497,1,35,bl
7,0.3734589,0,35,bl
9,0.3775059,1,35,bl
21,0.4124266,1,35,bl
3,0.3093015,0,35,bl
2,0.303609,0,35,bl
13,0.3194219,1,35,bl
6,0.1996888,0,35,bl
20,2.7304241,0,36,sm
15,1.1909069,0,36,sm
1,1.109143,0,36,sm
13,2.5782207,1,36,sm
6,0.959222,0,36,sm
5,0.6750036,0,36,sm
18,0.7170362,0,36,sm
14,0.4968116,0,36,sm
7,0.3582915,0,36,sm
9,0.3842143,1,36,sm
16,0.4792111,1,36,sm
30,0.5629509,0,36,sm
21,0.4270784,0,36,sm
2,0.4268079,1,36,sm
17,0.5229231,1,36,sm
27,0.4251503,1,36,sm
11,0.3762433,0,36,sm
23,0.861196,0,36,sm
3,0.543071,0,36,sm
4,0.3342415,0,36,sm
19,0.3072018,0,36,sm
28,0.3441913,0,36,sm
8,0.3291389,0,36,sm
24,0.1171499,0,36,sm
12,0.340209,0,36,sm
26,0.214385,0,36,sm
10,0.3262843,0,36,sm
29,0.2784369,1,36,sm
25,0.2723115,1,36,sm
22,0.2651993,0,36,sm
12,0.7388896,0,37,sm
25,2.2295306,0,37,sm
16,0.7028241,1,37,sm
30,3.9422534,0,37,sm
2,1.743213,0,37,sm
24,0.9562205,1,37,sm
26,0.4872333,0,37,sm
18,1.1473166,0,37,sm
4,0.3952305,0,37,sm
28,1.1462901,0,37,sm
23,0.4189071,1,37,sm
17,0.3348899,1,37,sm
22,1.2762414,0,37,sm
6,0.431056,0,37,sm
19,0.8392017,1,37,sm
13,1.0368989,1,37,sm
10,0.4334284,0,37,sm
21,0.4512238,0,37,sm
27,0.8409364,1,37,sm
7,2.5102406,0,37,sm
29,0.3361816,1,37,sm
8,0.3522522,0,37,sm
14,0.4129646,0,37,sm
3,0.3482071,1,37,sm
20,0.5029246,0,37,sm
15,0.2991794,0,37,sm
1,0.2783154,0,37,sm
9,2.3612626,1,37,sm
5,1.1729293,0,37,sm
11,0.3404448,0,37,sm
4,1.3248927,0,38,bl
17,1.1261642,0,38,bl
19,1.7635208,0,38,bl
6,1.2428244,1,38,bl
2,1.1075301,1,38,bl
29,1.9328467,0,38,bl
3,0.5881182,1,38,bl
1,1.7716182,1,38,bl
25,1.2180946,0,38,bl
20,1.2427768,1,38,bl
28,1.5719418,1,38,bl
8,0.4794764,1,38,bl
24,2.7394839,1,38,bl
9,2.6464226,1,38,bl
14,1.6088038,1,38,bl
22,2.0360127,0,38,bl
5,1.5028378,1,38,bl
12,2.0027333,1,38,bl
13,2.1753808,0,38,bl
30,1.3339993,1,38,bl
16,1.8067692,0,38,bl
27,1.2628094,0,38,bl
7,2.3028417,1,38,bl
11,1.4488536,1,38,bl
10,2.0028145,1,38,bl
26,2.2560551,0,38,bl
21,0.7478961,1,38,bl
15,1.8527827,1,38,bl
23,2.6228642,0,38,bl
18,1.0479967,1,38,bl
1,2.7146194,0,39,bl
5,1.4918442,0,39,bl
7,2.2692572,1,39,bl
29,2.4359714,1,39,bl
28,1.121306,1,39,bl
8,1.4738071,0,39,bl
17,2.9038589,1,39,bl
9,1.7347289,1,39,bl
27,3.3106551,0,39,bl
19,1.9793034,1,39,bl
16,2.6247074,1,39,bl
20,NA,None,39,bl
14,1.943828,0,39,bl
13,1.9412073,1,39,bl
4,1.2052595,0,39,bl
11,0.6495309,1,39,bl
26,1.631488,1,39,bl
22,1.3993583,1,39,bl
15,0.5426603,0,39,bl
6,1.5793375,0,39,bl
3,0.9433295,0,39,bl
10,0.4126472,0,39,bl
24,1.8517344,1,39,bl
30,0.6131765,1,39,bl
2,0.4413401,1,39,bl
25,1.2113073,0,39,bl
23,0.7207192,1,39,bl
12,0.7184593,1,39,bl
21,0.8893383,1,39,bl
18,0.6827029,1,39,bl
21,3.4314599,1,4,bl
13,NA,None,4,bl
19,2.3150224,0,4,bl
2,2.935461,0,4,bl
7,0.8335377,0,4,bl
22,1.5847654,1,4,bl
25,1.7008318,1,4,bl
16,0.554844,1,4,bl
29,2.5754712,0,4,bl
6,0.7329528,1,4,bl
11,0.8362549,1,4,bl
12,0.5453478,0,4,bl
5,0.4847615,1,4,bl
18,1.3833648,1,4,bl
4,0.5533381,0,4,bl
8,0.6140984,0,4,bl
9,1.2733428,0,4,bl
26,1.718168,0,4,bl
17,1.1194283,1,4,bl
20,0.6714953,0,4,bl
14,0.7053393,1,4,bl
28,0.4288484,0,4,bl
15,0.512196,0,4,bl
3,3.0454001,1,4,bl
23,0.8281107,1,4,bl
10,0.3988447,1,4,bl
27,0.4801002,1,4,bl
24,0.3928097,0,4,bl
30,0.4849101,1,4,bl
1,0.7960025,0,4,bl
22,0.8037425,1,40,sm
20,0.7114197,1,40,sm
7,NA,None,40,sm
27,1.3487621,0,40,sm
2,1.1831732,1,40,sm
14,0.9031464,1,40,sm
6,0.5747139,1,40,sm
12,0.5567614,1,40,sm
26,1.6737569,1,40,sm
16,1.2547713,1,40,sm
21,1.4871955,1,40,sm
29,0.9085349,0,40,sm
28,2.8315789,1,40,sm
1,1.3734311,0,40,sm
8,0.6834602,1,40,sm
3,0.9137642,0,40,sm
19,3.4195157,0,40,sm
17,0.8077397,0,40,sm
23,2.5931964,0,40,sm
25,1.1046615,0,40,sm
30,0.8657805,1,40,sm
10,1.2212257,1,40,sm
24,0.7576566,0,40,sm
13,3.2048486,0,40,sm
18,0.6094303,0,40,sm
9,0.6925707,1,40,sm
15,0.6916927,1,40,sm
5,1.8392239,1,40,sm
11,3.5085808,1,40,sm
4,0.4947892,0,40,sm
2,1.3131701,0,41,sm
28,2.7313091,1,41,sm
5,3.3223645,1,41,sm
18,1.2491837,0,41,sm
13,2.5251013,1,41,sm
17,2.6030949,0,41,sm
27,1.7942415,1,41,sm
6,0.7051432,1,41,sm
29,1.6462873,0,41,sm
20,1.3252553,0,41,sm
12,1.1813348,0,41,sm
25,1.922343,1,41,sm
14,0.7151438,1,41,sm
22,2.5701782,1,41,sm
26,2.8931031,0,41,sm
4,1.0404214,0,41,sm
15,0.968415,0,41,sm
1,0.4646372,0,41,sm
7,0.7773859,0,41,sm
23,1.8051468,0,41,sm
19,1.2812568,0,41,sm
8,2.396428,0,41,sm
9,2.6851167,1,41,sm
11,0.6856928,1,41,sm
10,1.3971246,0,41,sm
24,0.5003699,0,41,sm
3,0.8611102,1,41,sm
16,0.4997175,1,41,sm
21,3.7693976,1,41,sm
30,1.6770953,0,41,sm
9,2.5472988,0,42,sm
5,3.1950105,1,42,sm
23,NA,None,42,sm
7,1.3072586,1,42,sm
12,1.3698,1,42,sm
4,1.78977,1,42,sm
1,1.6278052,1,42,sm
8,2.0812019,1,42,sm
2,2.3430358,0,42,sm
17,1.1464739,0,42,sm
24,1.3298749,1,42,sm
27,2.8792908,1,42,sm
25,1.8078257,0,42,sm
21,3.6298641,0,42,sm
20,1.8203585,1,42,sm
13,3.6871642,0,42,sm
16,2.5992454,0,42,sm
30,1.4806428,1,42,sm
18,1.891141,1,42,sm
14,2.6105772,0,42,sm
28,1.538405,1,42,sm
10,2.6743513,1,42,sm
15,2.3739353,1,42,sm
3,1.1231752,0,42,sm
6,1.5657812,1,42,sm
22,1.3664882,1,42,sm
19,1.05124,1,42,sm
26,1.7459044,1,42,sm
11,1.8030711,1,42,sm
29,1.5723692,0,42,sm
21,0.670629,1,43,bl
17,1.8117829,1,43,bl
23,1.2760196,0,43,bl
19,1.1406341,0,43,bl
14,2.1591959,0,43,bl
28,2.005912,0,43,bl
24,1.6890803,0,43,bl
27,0.8110013,1,43,bl
20,1.8126154,1,43,bl
6,0.9386445,0,43,bl
4,1.0578911,0,43,bl
11,1.1265543,0,43,bl
29,1.8010592,0,43,bl
3,0.9060755,1,43,bl
2,0.7720131,1,43,bl
16,0.5406574,1,43,bl
13,1.6730183,1,43,bl
30,0.6419961,0,43,bl
1,0.4506772,0,43,bl
7,1.256034,0,43,bl
18,0.7380371,1,43,bl
15,0.4170519,1,43,bl
25,2.9142153,1,43,bl
9,1.0309718,0,43,bl
12,0.4710525,1,43,bl
22,0.3267362,0,43,bl
8,1.5531438,0,43,bl
26,1.8247064,1,43,bl
10,1.5600491,0,43,bl
5,0.9431107,1,43,bl
7,2.8879031,1,44,bl
23,1.8568943,0,44,bl
16,1.4947097,1,44,bl
2,2.2211268,1,44,bl
17,2.1792695,0,44,bl
18,2.1210537,1,44,bl
27,2.6780538,1,44,bl
19,1.0836148,0,44,bl
14,0.7786184,0,44,bl
29,2.154075,0,44,bl
13,2.4952836,1,44,bl
5,2.3419381,0,44,bl
25,2.9834045,1,44,bl
9,0.9335002,0,44,bl
3,2.5941562,1,44,bl
6,1.3566924,0,44,bl
24,1.4088516,0,44,bl
11,2.8346672,1,44,bl
30,2.7400506,1,44,bl
26,2.9112459,0,44,bl
20,2.7309592,1,44,bl
21,2.8067544,1,44,bl
28,1.9359829,0,44,bl
4,0.9160637,0,44,bl
8,2.6467244,1,44,bl
12,2.0467216,0,44,bl
22,NA,None,44,bl
1,1.1678394,0,44,bl
10,0.6741052,1,44,bl
15,2.3206383,1,44,bl
10,0.8602038,0,45,sm
24,0.9627665,0,45,sm
13,0.8700771,0,45,sm
30,1.0042678,0,45,sm
28,0.9813586,1,45,sm
17,1.3180343,1,45,sm
23,1.0004348,0,45,sm
20,0.8360195,1,45,sm
3,1.54152,1,45,sm
19,1.3140238,1,45,sm
4,1.2765906,0,45,sm
25,0.7945826,1,45,sm
29,1.1243027,1,45,sm
21,0.9502264,1,45,sm
2,0.592084,1,45,sm
7,1.0704663,0,45,sm
22,0.8266108,0,45,sm
14,0.7272742,1,45,sm
9,0.7575643,1,45,sm
12,1.1655923,1,45,sm
15,0.8800595,0,45,sm
27,0.9395962,0,45,sm
6,0.6354434,1,45,sm
8,1.5014015,0,45,sm
11,0.8980962,0,45,sm
18,1.5543545,1,45,sm
1,0.5775634,0,45,sm
5,1.4082339,1,45,sm
16,1.2112212,0,45,sm
26,0.9585544,1,45,sm
4,3.1226638,1,46,sm
11,2.3218097,0,46,sm
19,1.9358773,0,46,sm
13,3.763955,1,46,sm
7,1.4248259,0,46,sm
18,2.1652088,0,46,sm
1,0.3469922,0,46,sm
17,0.4218301,1,46,sm
12,1.793735,0,46,sm
9,2.3327192,1,46,sm
14,2.0379811,0,46,sm
6,1.8645647,0,46,sm
15,0.5559527,0,46,sm
29,0.7185181,1,46,sm
22,0.9537991,0,46,sm
24,0.3317221,0,46,sm
23,0.9300229,0,46,sm
28,1.8328465,0,46,sm
26,0.387835,0,46,sm
25,0.3530877,1,46,sm
5,0.7828549,0,46,sm
8,0.5001677,0,46,sm
16,0.4828763,1,46,sm
20,0.1047501,0,46,sm
27,0.600537,1,46,sm
21,0.6605368,0,46,sm
10,0.7578529,0,46,sm
2,0.4185171,0,46,sm
3,1.9005948,1,46,sm
30,2.1865106,0,46,sm
5,1.359582,1,47,bl
8,0.9435742,1,47,bl
4,0.82357,0,47,bl
6,1.3116039,1,47,bl
1,0.8891254,0,47,bl
23,0.7851715,1,47,bl
18,0.5795799,1,47,bl
28,1.5427965,1,47,bl
3,0.951918,1,47,bl
2,0.481519,1,47,bl
14,0.422816,1,47,bl
10,0.4387966,0,47,bl
9,1.0840301,1,47,bl
20,0.8156891,1,47,bl
22,1.2321547,1,47,bl
7,1.2098671,1,47,bl
25,0.424971,0,47,bl
27,0.8375872,0,47,bl
26,0.5020625,1,47,bl
24,0.8959587,1,47,bl
16,0.3760238,1,47,bl
30,0.605941,1,47,bl
12,0.28371,0,47,bl
15,0.8348216,1,47,bl
29,0.8347999,0,47,bl
13,0.8255897,1,47,bl
11,0.6587925,1,47,bl
19,0.6859601,1,47,bl
21,0.4838123,0,47,bl
17,1.0634754,1,47,bl
9,1.3610065,0,48,sm
30,0.9518622,1,48,sm
27,0.9076435,0,48,sm
3,1.6241731,1,48,sm
21,1.6782795,1,48,sm
22,0.9597038,1,48,sm
16,1.4603381,0,48,sm
6,1.7787169,1,48,sm
23,0.6304549,1,48,sm
24,1.6927903,0,48,sm
28,0.5908236,1,48,sm
2,1.9222919,1,48,sm
4,1.9248581,0,48,sm
12,0.5201823,0,48,sm
19,1.3409719,1,48,sm
25,1.4256526,0,48,sm
20,2.1514303,1,48,sm
5,2.6721377,1,48,sm
7,2.0317103,1,48,sm
11,1.5982931,1,48,sm
1,2.5669774,1,48,sm
10,2.5096305,1,48,sm
14,2.082976,1,48,sm
29,NA,None,48,sm
17,1.134212,0,48,sm
18,1.4522978,1,48,sm
13,1.0455768,0,48,sm
15,1.1877599,1,48,sm
26,1.546951,1,48,sm
8,1.812355,1,48,sm
2,1.5959097,0,49,bl
20,3.410874,1,49,bl
14,1.4806139,1,49,bl
19,2.2633383,1,49,bl
4,1.3280048,0,49,bl
10,2.8480733,1,49,bl
12,1.7994054,1,49,bl
15,0.9952849,1,49,bl
28,2.0113257,1,49,bl
30,1.9793277,0,49,bl
6,1.6859862,1,49,bl
25,2.0993857,0,49,bl
29,1.6234257,0,49,bl
9,1.6034388,0,49,bl
22,1.0020113,1,49,bl
13,1.4453634,1,49,bl
23,1.8859846,1,49,bl
5,2.7274344,0,49,bl
27,1.6987161,0,49,bl
11,1.4452898,1,49,bl
24,1.0516089,1,49,bl
1,0.8287923,0,49,bl
17,1.0715411,1,49,bl
21,2.5900539,1,49,bl
26,0.5434764,1,49,bl
8,2.1926223,1,49,bl
16,0.8534244,0,49,bl
7,1.5580327,1,49,bl
3,0.7347516,0,49,bl
18,2.1320136,0,49,bl
2,3.3884341,0,5,bl
6,3.0092225,1,5,bl
1,3.4572274,1,5,bl
14,1.8811424,0,5,bl
27,2.0745069,1,5,bl
22,2.3951012,0,5,bl
28,1.1231926,0,5,bl
21,1.6457265,0,5,bl
8,0.6811991,1,5,bl
9,1.5805562,1,5,bl
30,1.4297978,1,5,bl
4,1.7816884,1,5,bl
12,1.9610113,1,5,bl
24,1.2570989,0,5,bl
20,0.9666921,0,5,bl
10,2.267574,0,5,bl
26,1.8765483,1,5,bl
13,2.2011952,0,5,bl
16,2.2305875,0,5,bl
5,1.7651792,1,5,bl
18,2.3031234,0,5,bl
25,1.6010685,1,5,bl
19,2.4578506,0,5,bl
23,2.2998218,1,5,bl
7,2.959216,1,5,bl
29,2.8885833,1,5,bl
15,3.139712,0,5,bl
11,1.1805783,0,5,bl
3,2.441054,1,5,bl
17,2.6326589,1,5,bl
30,2.042743,1,50,bl
1,1.6488401,1,50,bl
17,2.0392884,1,50,bl
16,2.4182069,0,50,bl
25,1.8419837,0,50,bl
3,2.3710932,0,50,bl
27,1.2172417,0,50,bl
11,1.8138804,0,50,bl
24,1.7756025,1,50,bl
15,1.5405852,1,50,bl
4,1.6743256,1,50,bl
6,0.6788696,1,50,bl
21,0.70201,1,50,bl
14,0.6233922,1,50,bl
28,0.8680944,1,50,bl
22,0.5440231,1,50,bl
26,0.8914321,1,50,bl
7,0.5580748,1,50,bl
10,0.6079744,1,50,bl
20,1.1499986,1,50,bl
12,0.8627022,1,50,bl
9,0.5973826,0,50,bl
2,0.494192,1,50,bl
29,0.7182079,0,50,bl
5,0.5894651,1,50,bl
13,0.6440334,0,50,bl
8,0.3582106,1,50,bl
18,0.1207115,1,50,bl
19,0.3814805,1,50,bl
23,0.3582106,1,50,bl
17,0.9939261,1,51,sm
16,1.3299816,0,51,sm
22,1.2334015,0,51,sm
23,1.6933023,0,51,sm
9,2.317275,1,51,sm
24,1.4859411,1,51,sm
26,1.4783954,1,51,sm
8,2.2204249,1,51,sm
14,1.6753247,1,51,sm
29,2.4412741,0,51,sm
15,1.772129,1,51,sm
2,2.7620165,0,51,sm
11,0.9412823,1,51,sm
3,3.4392721,0,51,sm
6,2.5854018,1,51,sm
21,1.7791725,0,51,sm
20,3.523976,0,51,sm
25,1.3242392,0,51,sm
19,2.8640077,0,51,sm
4,2.3584005,1,51,sm
28,1.359992,0,51,sm
10,3.2433067,1,51,sm
13,2.9583583,0,51,sm
1,0.6824467,0,51,sm
30,3.2959368,0,51,sm
7,0.9479966,0,51,sm
12,0.6087689,0,51,sm
27,0.7704384,1,51,sm
5,3.2696235,1,51,sm
18,2.4524112,0,51,sm
19,0.7264805,0,52,bl
5,1.2114886,0,52,bl
24,1.7390459,0,52,bl
22,0.8248587,1,52,bl
15,2.2424025,1,52,bl
20,1.1202805,0,52,bl
9,1.9103451,0,52,bl
7,2.1094402,0,52,bl
14,2.3637182,1,52,bl
26,1.7988386,0,52,bl
12,0.583709,0,52,bl
27,0.8037073,1,52,bl
3,1.0809987,0,52,bl
10,2.2333516,0,52,bl
18,2.3457528,0,52,bl
21,2.0576093,0,52,bl
28,0.6820579,0,52,bl
8,2.4146309,1,52,bl
23,1.0596739,1,52,bl
17,1.8436012,0,52,bl
6,1.129674,1,52,bl
16,0.6823283,1,52,bl
2,1.2975973,1,52,bl
4,1.6943315,0,52,bl
25,1.9263041,0,52,bl
13,0.896749,1,52,bl
30,2.7810985,0,52,bl
1,0.8130263,0,52,bl
11,2.0202003,0,52,bl
29,1.7030894,1,52,bl
15,1.4971459,0,53,sm
12,1.7788333,0,53,sm
11,1.0001539,1,53,sm
4,1.4397526,0,53,sm
3,1.4816768,0,53,sm
17,1.7421996,0,53,sm
25,1.8571909,1,53,sm
2,0.8597657,0,53,sm
24,1.7710184,1,53,sm
20,NA,None,53,sm
14,1.8938504,0,53,sm
18,1.2703193,0,53,sm
30,1.4848226,0,53,sm
10,1.6524638,1,53,sm
27,1.8001727,0,53,sm
5,1.5250594,1,53,sm
1,2.1200665,1,53,sm
8,1.1338351,1,53,sm
6,0.1650218,1,53,sm
29,1.0437551,1,53,sm
13,0.7816784,0,53,sm
26,0.788591,1,53,sm
28,1.1369006,1,53,sm
22,1.4409109,1,53,sm
21,1.0731386,1,53,sm
16,2.0138927,1,53,sm
7,1.0550887,0,53,sm
23,2.0161873,1,53,sm
9,1.822089,1,53,sm
19,1.1125909,0,53,sm
7,3.365089,1,54,sm
1,1.8478623,1,54,sm
5,2.5523813,1,54,sm
2,1.3767396,1,54,sm
3,1.1771397,0,54,sm
15,0.9540116,0,54,sm
22,NA,None,54,sm
16,2.5224082,0,54,sm
8,1.4077056,1,54,sm
14,1.6978162,1,54,sm
21,1.6452049,0,54,sm
10,0.8802497,1,54,sm
29,2.3503476,0,54,sm
30,2.2056451,1,54,sm
27,0.6271843,0,54,sm
9,0.8217962,1,54,sm
24,0.5611505,1,54,sm
18,0.6318017,1,54,sm
12,1.3885583,1,54,sm
25,2.0939369,0,54,sm
17,1.230377,0,54,sm
13,1.7391371,0,54,sm
11,0.5058375,1,54,sm
6,0.763109,1,54,sm
26,1.2696914,1,54,sm
4,2.9586155,0,54,sm
20,2.3677686,0,54,sm
19,0.5124279,1,54,sm
23,1.623007,0,54,sm
28,0.5949306,1,54,sm
2,1.0189758,0,55,bl
15,1.4988032,0,55,bl
3,1.9704795,1,55,bl
29,1.5435326,1,55,bl
1,1.6745428,0,55,bl
18,1.558331,0,55,bl
7,1.4028653,0,55,bl
24,1.3396698,0,55,bl
8,1.8115998,0,55,bl
12,0.8737899,0,55,bl
26,0.4863023,0,55,bl
20,1.2447861,0,55,bl
22,1.3448667,0,55,bl
30,0.5738361,0,55,bl
21,0.5069638,0,55,bl
10,1.2269183,0,55,bl
27,0.5287592,1,55,bl
13,0.5528839,1,55,bl
19,0.3516342,0,55,bl
6,0.4147272,0,55,bl
16,1.2715155,1,55,bl
5,1.2419031,0,55,bl
25,0.5769396,1,55,bl
28,0.7108985,0,55,bl
4,0.4669547,0,55,bl
23,0.4678576,0,55,bl
11,0.459898,0,55,bl
14,0.5069813,0,55,bl
17,1.0170051,1,55,bl
9,0.7031623,1,55,bl
8,2.3769263,0,56,sm
4,2.0107656,1,56,sm
17,1.4721008,1,56,sm
28,2.1004752,0,56,sm
25,1.2578002,1,56,sm
12,1.2043569,0,56,sm
29,1.3543209,0,56,sm
9,1.240064,0,56,sm
1,1.2898007,1,56,sm
13,0.4185217,0,56,sm
15,0.343752,1,56,sm
6,0.6248682,1,56,sm
2,0.5206665,1,56,sm
22,0.2985182,1,56,sm
7,0.3265407,1,56,sm
19,0.3492697,1,56,sm
20,0.3065038,1,56,sm
27,0.5503711,0,56,sm
3,0.3042706,0,56,sm
10,0.3226914,1,56,sm
11,0.2608553,1,56,sm
30,0.5103429,1,56,sm
16,1.0488712,0,56,sm
26,0.4087623,1,56,sm
21,0.3764083,1,56,sm
23,0.340334,1,56,sm
18,0.2477524,1,56,sm
14,0.3264709,1,56,sm
5,0.2798192,1,56,sm
24,0.2978326,1,56,sm
4,2.0199428,0,57,bl
23,2.1124838,1,57,bl
18,3.2381796,1,57,bl
10,3.3859861,1,57,bl
29,2.0220586,1,57,bl
20,2.2363721,1,57,bl
19,2.2335944,0,57,bl
26,2.1872705,0,57,bl
16,1.1222807,1,57,bl
1,1.5796935,0,57,bl
14,2.3693147,1,57,bl
8,1.6032449,0,57,bl
22,2.4633128,0,57,bl
30,2.5906812,1,57,bl
3,2.6415242,0,57,bl
11,1.5542064,1,57,bl
7,2.3479532,0,57,bl
6,2.3004735,0,57,bl
2,1.2473673,0,57,bl
17,0.8004934,1,57,bl
27,1.7599739,1,57,bl
25,1.82574,0,57,bl
13,2.2497335,0,57,bl
15,1.7351533,1,57,bl
12,1.4446325,1,57,bl
5,0.7926669,1,57,bl
21,1.3593482,0,57,bl
24,1.7820157,0,57,bl
9,2.9282514,1,57,bl
28,1.1394726,1,57,bl
7,1.4392924,0,58,bl
22,1.848201,1,58,bl
26,1.5821294,0,58,bl
14,0.797231,0,58,bl
21,1.310262,0,58,bl
9,0.5711612,1,58,bl
30,0.4927147,0,58,bl
15,0.381913,0,58,bl
8,0.5151525,0,58,bl
24,0.5906703,0,58,bl
25,0.421025,1,58,bl
23,0.5351847,0,58,bl
1,0.6103538,0,58,bl
13,0.6689299,1,58,bl
16,1.5183047,1,58,bl
20,1.19382,0,58,bl
18,1.8924591,0,58,bl
4,0.5718004,0,58,bl
5,0.7413094,0,58,bl
11,0.3660305,0,58,bl
12,1.0185771,0,58,bl
19,0.9350743,0,58,bl
10,1.0893449,0,58,bl
3,0.6898208,1,58,bl
27,0.9578724,1,58,bl
17,0.6605021,1,58,bl
6,0.4539839,0,58,bl
29,0.9265031,1,58,bl
2,0.4971731,0,58,bl
28,0.6258402,0,58,bl
27,1.4670621,0,59,sm
28,1.6284327,1,59,sm
2,2.7366335,1,59,sm
19,1.2228131,1,59,sm
23,0.356756,1,59,sm
1,0.4889019,0,59,sm
24,1.2428248,1,59,sm
8,1.2978183,0,59,sm
7,1.336864,1,59,sm
9,0.3995129,1,59,sm
18,0.4802449,0,59,sm
5,2.132814,1,59,sm
21,1.1886482,1,59,sm
20,1.9009327,1,59,sm
4,1.0307806,1,59,sm
13,1.914685,1,59,sm
11,1.5470026,1,59,sm
22,0.6671079,0,59,sm
3,0.8488543,0,59,sm
15,0.950797,1,59,sm
12,1.3518051,0,59,sm
17,1.2783994,0,59,sm
30,0.8689858,1,59,sm
29,1.1686827,0,59,sm
14,1.7528192,1,59,sm
25,2.4230595,1,59,sm
10,1.862397,1,59,sm
26,1.6077944,0,59,sm
16,2.2366924,1,59,sm
6,0.7626394,1,59,sm
15,1.6106902,0,60,bl
13,1.3446952,1,60,bl
11,0.7686295,1,60,bl
3,1.7734207,1,60,bl
2,0.778227,1,60,bl
26,1.9621472,1,60,bl
27,0.64013,1,60,bl
21,1.135554,1,60,bl
17,1.5905188,1,60,bl
29,0.7422326,0,60,bl
12,2.3597058,0,60,bl
9,2.234686,1,60,bl
20,0.7947095,0,60,bl
14,0.6675094,1,60,bl
10,0.7302263,1,60,bl
23,1.0566747,1,60,bl
18,1.7976634,1,60,bl
22,0.7586524,1,60,bl
1,2.2628615,0,60,bl
25,1.0987874,1,60,bl
6,2.1944448,1,60,bl
8,0.5045584,1,60,bl
30,1.6888375,0,60,bl
5,2.9058028,0,60,bl
16,2.2862908,1,60,bl
19,1.4533997,0,60,bl
28,0.6027021,0,60,bl
24,0.794818,1,60,bl
4,3.0222545,0,60,bl
7,2.5301383,0,60,bl
1,1.5270367,0,61,sm
12,0.812061,1,61,sm
18,1.2232007,0,61,sm
20,1.7062568,1,61,sm
2,2.0239861,1,61,sm
11,1.0174063,0,61,sm
13,1.9122145,0,61,sm
14,3.1591191,1,61,sm
28,2.3340464,0,61,sm
5,0.9478265,0,61,sm
3,0.807635,0,61,sm
15,2.4673735,0,61,sm
17,2.3470449,0,61,sm
9,1.3230738,1,61,sm
22,2.2892695,1,61,sm
25,3.2277521,0,61,sm
16,0.8504336,1,61,sm
23,0.9840989,1,61,sm
6,1.4437216,1,61,sm
7,1.7697009,0,61,sm
27,1.0231165,1,61,sm
24,1.2300964,0,61,sm
8,2.4249624,0,61,sm
10,0.7818597,0,61,sm
19,NA,None,61,sm
26,2.0400395,1,61,sm
21,1.1758173,1,61,sm
30,0.5891048,0,61,sm
4,1.8077138,1,61,sm
29,0.541053,1,61,sm
4,NA,None,62,sm
27,2.3845082,1,62,sm
19,0.8292241,0,62,sm
1,2.5251753,0,62,sm
13,3.6336687,1,62,sm
10,2.6595704,0,62,sm
7,2.4045369,0,62,sm
6,2.1104614,0,62,sm
15,1.9297255,0,62,sm
25,1.8070461,1,62,sm
2,1.4705139,0,62,sm
9,2.225209,1,62,sm
23,0.5212063,0,62,sm
17,0.3744055,1,62,sm
14,0.7804824,0,62,sm
5,0.5632372,0,62,sm
8,1.1971078,0,62,sm
22,2.3004384,0,62,sm
26,0.3294798,0,62,sm
28,0.3554743,0,62,sm
29,0.2845204,1,62,sm
20,0.2525471,0,62,sm
24,0.2871906,0,62,sm
11,1.5065303,0,62,sm
21,1.0124645,0,62,sm
30,0.4705461,0,62,sm
3,0.253436,1,62,sm
12,0.3326605,0,62,sm
16,1.5071817,1,62,sm
18,0.295613,0,62,sm
2,0.8967523,1,63,bl
4,0.6492199,0,63,bl
17,0.5012493,0,63,bl
3,1.2919921,1,63,bl
13,1.5727255,1,63,bl
21,1.090152,1,63,bl
22,2.7780438,1,63,bl
28,0.5759942,1,63,bl
20,2.2786987,1,63,bl
19,0.6242031,0,63,bl
7,0.4221063,0,63,bl
16,0.7120498,1,63,bl
26,0.7512732,1,63,bl
24,0.7847599,0,63,bl
1,2.4732256,0,63,bl
25,1.7093844,0,63,bl
5,2.5131997,1,63,bl
14,1.9381095,1,63,bl
15,2.2393693,0,63,bl
12,2.5842016,0,63,bl
30,2.6452097,1,63,bl
9,0.6421192,0,63,bl
27,1.536788,0,63,bl
8,2.0581282,1,63,bl
6,0.8101276,1,63,bl
10,3.0242722,0,63,bl
29,2.4787757,1,63,bl
11,0.6976047,0,63,bl
23,1.5551293,1,63,bl
18,0.9347795,1,63,bl
28,1.0818549,1,64,bl
1,1.3276003,1,64,bl
2,1.0027155,1,64,bl
13,1.1868156,0,64,bl
6,0.8979209,1,64,bl
8,0.6700239,1,64,bl
12,0.7453622,1,64,bl
7,0.6379414,1,64,bl
23,0.3075372,1,64,bl
18,0.4656538,1,64,bl
17,0.2040053,0,64,bl
16,0.511792,0,64,bl
19,0.9413132,1,64,bl
22,0.3319261,1,64,bl
25,0.3597897,0,64,bl
3,0.4398881,0,64,bl
9,0.2058688,0,64,bl
5,0.204901,1,64,bl
14,0.2026844,1,64,bl
11,0.2315278,1,64,bl
29,0.4253605,0,64,bl
26,0.3512627,1,64,bl
24,0.0892389,1,64,bl
21,0.2777327,1,64,bl
15,0.2814651,1,64,bl
20,0.2805035,1,64,bl
10,0.1886684,1,64,bl
30,0.2414541,1,64,bl
27,0.3523239,0,64,bl
4,0.2613409,1,64,bl
19,0.5720896,0,65,bl
5,0.7454672,1,65,bl
25,0.8033222,1,65,bl
24,0.6541041,0,65,bl
8,1.451284,0,65,bl
4,0.5824501,0,65,bl
12,0.6154295,1,65,bl
30,0.4664693,0,65,bl
15,0.9139109,1,65,bl
21,0.579838,0,65,bl
18,0.5284142,1,65,bl
16,2.0073926,1,65,bl
6,0.4444394,1,65,bl
27,1.1279049,1,65,bl
22,0.7738857,0,65,bl
13,0.7483671,1,65,bl
11,0.5822842,1,65,bl
3,0.7043406,1,65,bl
28,0.5665082,1,65,bl
10,0.577933,0,65,bl
17,1.4599963,1,65,bl
9,0.6455635,1,65,bl
1,0.834419,1,65,bl
26,0.3031527,1,65,bl
14,0.3779999,1,65,bl
29,0.389244,0,65,bl
20,0.7585274,1,65,bl
23,0.54333,1,65,bl
2,0.5239916,1,65,bl
7,0.3059165,1,65,bl
19,NA,None,66,bl
16,3.4074428,0,66,bl
21,1.9211299,1,66,bl
2,1.9535107,1,66,bl
28,2.1909009,1,66,bl
27,0.9492134,0,66,bl
30,1.5063755,1,66,bl
8,0.7584373,1,66,bl
5,2.079039,1,66,bl
6,1.2692968,1,66,bl
22,0.8664596,1,66,bl
20,1.3833526,1,66,bl
15,0.6196225,1,66,bl
17,0.6296945,0,66,bl
26,1.1833778,1,66,bl
13,1.3214872,0,66,bl
12,1.0531077,1,66,bl
3,2.0175176,0,66,bl
18,1.0543099,1,66,bl
14,0.9735843,1,66,bl
7,1.2710507,1,66,bl
11,1.183537,1,66,bl
9,0.5471539,0,66,bl
10,1.6604236,1,66,bl
1,3.5411751,0,66,bl
23,1.6657534,1,66,bl
4,0.8964145,1,66,bl
24,0.5171972,1,66,bl
29,0.2572212,0,66,bl
25,1.1703934,0,66,bl
30,0.4612521,0,7,sm
22,1.2814217,0,7,sm
8,2.4679422,1,7,sm
7,0.5519069,0,7,sm
2,2.3734007,0,7,sm
13,1.348682,1,7,sm
5,2.0411185,0,7,sm
11,2.6345947,1,7,sm
21,2.3106337,0,7,sm
1,2.9986791,0,7,sm
26,1.0911911,1,7,sm
27,1.3887005,0,7,sm
19,1.2726506,0,7,sm
9,0.9001333,1,7,sm
20,1.9452414,1,7,sm
25,2.0926782,1,7,sm
17,1.2012699,1,7,sm
14,0.9952201,0,7,sm
15,1.6645884,1,7,sm
28,1.4839912,1,7,sm
18,0.8951998,0,7,sm
3,1.4932516,1,7,sm
10,0.5206759,0,7,sm
16,1.1686215,0,7,sm
6,1.5553131,0,7,sm
4,0.4493343,0,7,sm
12,0.5647654,1,7,sm
29,0.3399158,0,7,sm
24,0.6427096,0,7,sm
23,0.327961,0,7,sm
24,1.51704,0,8,bl
17,2.6244053,0,8,bl
11,1.8557899,1,8,bl
4,1.8423368,0,8,bl
29,2.1044422,0,8,bl
30,3.3130204,0,8,bl
2,2.1003966,1,8,bl
21,3.0110855,1,8,bl
26,2.7723816,0,8,bl
1,1.4351415,0,8,bl
10,1.428401,0,8,bl
7,1.473104,0,8,bl
23,2.768372,0,8,bl
28,3.0117622,0,8,bl
3,1.4264015,1,8,bl
27,2.2877974,0,8,bl
6,1.1590179,1,8,bl
20,2.3750849,1,8,bl
18,2.3943904,1,8,bl
5,1.7623737,1,8,bl
8,2.9518597,1,8,bl
12,2.1330399,0,8,bl
13,1.2710673,1,8,bl
25,1.455814,0,8,bl
14,1.9690465,0,8,bl
19,1.123044,0,8,bl
9,1.2005751,1,8,bl
22,1.6738379,0,8,bl
16,2.0077864,0,8,bl
15,1.4164665,0,8,bl
18,2.1965479,1,9,bl
3,2.2558466,0,9,bl
4,1.1425621,1,9,bl
26,1.1691027,1,9,bl
14,1.1559972,1,9,bl
13,2.1872099,0,9,bl
8,0.9010881,1,9,bl
16,1.9498875,0,9,bl
2,3.0524808,1,9,bl
22,NA,None,9,bl
17,0.9998969,0,9,bl
9,0.4426141,0,9,bl
29,0.3658603,0,9,bl
25,0.3611261,0,9,bl
15,0.5437574,0,9,bl
6,1.3636885,0,9,bl
21,0.9857767,1,9,bl
10,1.0026608,1,9,bl
7,2.6112275,1,9,bl
11,1.2450954,1,9,bl
23,0.3759182,1,9,bl
27,0.0418878,0,9,bl
24,0.4638679,1,9,bl
19,0.4118858,1,9,bl
5,0.9798984,1,9,bl
28,1.7153803,1,9,bl
20,0.2985167,1,9,bl
30,1.3645593,1,9,bl
12,1.9250984,1,9,bl
1,0.5173399,1,9,bl
